Unnamed: 0,product_smiles,reaction_class
0,CC(C)c1ccc2c(c1)CC[C@@H]1[C@]2(C)CCC[C@@]1(C)CNc1c(Br)cc(Br)cc1Br,DHA
1,CC(C)c1ccc2c(c1)CC[C@@H]1[C@]2(C)CCC[C@@]1(C)CNc1cc(Br)cc(Br)c1,DHA
2,CC(C)c1ccc2c(c1)CC[C@@H]1[C@]2(C)CCC[C@@]1(C)CNc1c(Br)cccc1Br,DHA
3,CC(C)c1ccc2c(c1)CC[C@@H]1[C@]2(C)CCC[C@@]1(C)CNc1c(Br)cc(C#N)cc1Br,DHA
4,CC(C)c1ccc2c(c1)CC[C@@H]1[C@]2(C)CCC[C@@]1(C)CNc1ccc(Br)cc1Br,DHA
5,CC(C)c1ccc2c(c1)CC[C@@H]1[C@]2(C)CCC[C@@]1(C)CNCCc1ccccc1Br,DHA
6,CC(C)c1ccc2c(c1)CC[C@@H]1[C@]2(C)CCC[C@@]1(C)CNc1ccc(Br)cc1,DHA
7,CC(C)c1ccc2c(c1)CC[C@@H]1[C@]2(C)CCC[C@@]1(C)CNCc1ccccc1Br,DHA
8,CC(C)c1ccc2c(c1)CC[C@@H]1[C@]2(C)CCC[C@@]1(C)CNc1cccc(Br)c1,DHA
9,CC(C)c1ccc2c(c1)CC[C@@H]1[C@]2(C)CCC[C@@]1(C)CNc1ccc(C(C)(C)C)cc1Br,DHA
10,CC(C)c1ccc2c(c1)CC[C@@H]1[C@]2(C)CCC[C@@]1(C)CNc1cc(F)c(F)cc1Br,DHA
11,CC(C)c1ccc2c(c1)CC[C@@H]1[C@]2(C)CCC[C@@]1(C)CNc1ccc(Br)c(C(F)(F)F)c1,DHA
12,CC(C)c1ccc2c(c1)CC[C@@H]1[C@]2(C)CCC[C@@]1(C)CNc1ncc(Br)cn1,DHA
13,CC(C)c1ccc2c(c1)CC[C@@H]1[C@]2(C)CCC[C@@]1(C)CNCCCCNC(=O)COc1cccc2c1C(=O)N(C1CCC(=O)NC1=O)C2=O,DHA
14,Cc1ncsc1-c1ccc(CNC(=O)[C@@H]2C[C@@H](O)CN2C(=O)[C@@H](NC(=O)COCCOCCNC[C@]2(C)CCC[C@]3(C)c4ccc(C(C)C)cc4CC[C@H]32)C(C)(C)C)cc1,DHA
15,CC(C)c1ccc2c(c1)CC[C@@H]1[C@]2(C)CCC[C@@]1(C)CNCCOCCOCC(=O)Nc1cccc2c1C(=O)N(C1CCC(=O)NC1=O)C2=O,DHA
16,CC(C)c1ccc2c(c1)CC[C@@H]1[C@]2(C)CCC[C@@]1(C)CNCCOCCOCCOCC(=O)Nc1cccc2c1C(=O)N(C1CCC(=O)NC1=O)C2=O,DHA
17,CC(C)c1ccc2c(c1)CC[C@@H]1[C@]2(C)CCC[C@@]1(C)CNC1CCC(=O)NC1=O,DHA
18,CC(C)c1ccc2c(c1)CC[C@@H]1[C@]2(C)CCC[C@@]1(C)CNc1nc(=O)c2ncn(C3OC(CO)C(O)C3O)c2[nH]1,DHA
19,CC(=O)NCCNC[C@]1(C)CCC[C@]2(C)c3ccc(C(C)C)cc3CC[C@H]21,DHA
20,CC(=O)NCCNC[C@]1(C)CCC[C@]2(C)c3ccc(C(C)C)cc3CC[C@H]21,DHA
21,CC(=O)NCCCCNC[C@]1(C)CCC[C@]2(C)c3ccc(C(C)C)cc3CC[C@H]21,DHA
22,CCOC(=O)C1=C(COCCNC[C@]2(C)CCC[C@]3(C)c4ccc(C(C)C)cc4CC[C@H]32)NC(C)=C(C(=O)OC)C1c1ccccc1Cl,DHA
23,CC(C)c1ccc2c(c1)CC[C@@H]1[C@]2(C)CCC[C@@]1(C)CNc1nc(=O)c2ncn(COCCO)c2[nH]1,DHA
24,CC(C)c1ccc2c(c1)CC[C@@H]1[C@]2(C)CCC[C@@]1(C)CNc1ccnc(=O)[nH]1,DHA
25,CC(C)c1ccc2c(c1)CC[C@@H]1[C@]2(C)CCC[C@@]1(C)CNC1CCC(=O)NC1=O,DHA
26,CCOC(=O)C1=C(COCCNC[C@]2(C)CCC[C@]3(C)c4ccc(C(C)C)cc4CC[C@H]32)NC(C)=C(C(=O)OC)C1c1ccccc1Cl,DHA
27,Cc1ncsc1-c1ccc(CNC(=O)[C@@H]2C[C@@H](O)CN2C(=O)[C@@H](NC[C@]2(C)CCC[C@]3(C)c4ccc(C(C)C)cc4CC[C@H]32)C(C)(C)C)cc1,DHA
28,CCN(CC)CCNC(=O)c1ccc(NC[C@]2(C)CCC[C@]3(C)c4ccc(C(C)C)cc4CC[C@H]32)cc1,DHA
29,CC(C)c1ccc2c(c1)CC[C@@H]1[C@]2(C)CCC[C@@]1(C)CNc1ccc2[nH]c3ccccc3c2c1,DHA
30,CC(C)c1ccc2c(c1)CC[C@@H]1[C@]2(C)CCC[C@@]1(C)CNc1ccc(Nc2ccccc2)cc1,DHA
31,CC(C)c1ccc2c(c1)CC[C@@H]1[C@]2(C)CCC[C@@]1(C)CNC1=NNC(=O)C1,DHA
32,CC(C)c1ccc2c(c1)CC[C@@H]1[C@]2(C)CCC[C@@]1(C)CN[C@H]1CC[C@@H](NC(=O)OC(C)(C)C)CC1,DHA
33,CC(C)c1ccc2c(c1)CC[C@@H]1[C@]2(C)CCC[C@@]1(C)CNCCc1c[nH]c2ccccc12,DHA
34,Cc1cc(NC[C@]2(C)CCC[C@]3(C)c4ccc(C(C)C)cc4CC[C@H]32)n[nH]1,DHA
35,CC(C)c1ccc2c(c1)CC[C@@H]1[C@]2(C)CCC[C@@]1(C)CNc1ccc(S(=O)(=O)Nc2ncccn2)cc1,DHA
36,CC(C)c1ccc2c(c1)CC[C@@H]1[C@]2(C)CCC[C@@]1(C)CNc1ccc(CCNC(=O)OC(C)(C)C)cc1,DHA
37,CC(C)c1ccc2c(c1)CC[C@@H]1[C@]2(C)CCC[C@@]1(C)CNCCCCNC(=O)OC(C)(C)C,DHA
38,CC(C)c1ccc2c(c1)CC[C@@H]1[C@]2(C)CCC[C@@]1(C)CNCCCC[C@H](NC(=O)OCC1c2ccccc2-c2ccccc21)C(=O)OC(C)(C)C,DHA
39,COC(=O)[C@H](CCCCNC[C@]1(C)CCC[C@]2(C)c3ccc(C(C)C)cc3CC[C@H]21)NC(=O)OC(C)(C)C,DHA
40,COc1cc(NC(C)CCCNC[C@]2(C)CCC[C@]3(C)c4ccc(C(C)C)cc4CC[C@H]32)c2ncccc2c1,DHA
41,Cc1ccc(S(=O)(=O)NC(c2ccccc2)C(NC[C@]2(C)CCC[C@]3(C)c4ccc(C(C)C)cc4CC[C@H]32)c2ccccc2)cc1,DHA
42,CC(C)c1ccc2c(c1)CC[C@@H]1[C@]2(C)CCC[C@@]1(C)CNc1ncnc2nc[nH]c12,DHA
43,COc1ccc2[nH]cc(CCNC[C@]3(C)CCC[C@]4(C)c5ccc(C(C)C)cc5CC[C@H]43)c2c1,DHA
44,CC(=O)Nc1ccc(NC[C@]2(C)CCC[C@]3(C)c4ccc(C(C)C)cc4CC[C@H]32)cc1,DHA
45,CC(C)c1ccc2c(c1)CC[C@@H]1[C@]2(C)CCC[C@@]1(C)CNCCNC(=O)OC(C)(C)C,DHA
46,COc1ncnc(NS(=O)(=O)c2ccc(NC[C@]3(C)CCC[C@]4(C)c5ccc(C(C)C)cc5CC[C@H]43)cc2)c1OC,DHA
47,COc1ncnc(NS(=O)(=O)c2ccc(NC[C@]3(C)CCC[C@]4(C)c5ccc(C(C)C)cc5CC[C@H]43)cc2)c1OC,DHA
48,COc1ncnc(NS(=O)(=O)c2ccc(NC[C@]3(C)CCC[C@]4(C)c5ccc(C(C)C)cc5CC[C@H]43)cc2)c1OC,DHA
49,Cc1cc(NS(=O)(=O)c2ccc(NC[C@]3(C)CCC[C@]4(C)c5ccc(C(C)C)cc5CC[C@H]43)cc2)no1,DHA
50,CC(C)c1ccc2c(c1)CC[C@@H]1[C@]2(C)CCC[C@@]1(C)CNc1ccc2[nH]ccc2c1,DHA
51,CC(C)c1ccc2c(c1)CC[C@@H]1[C@]2(C)CCC[C@@]1(C)CNCCc1cnc[nH]1,DHA
52,CC(C)c1ccc2c(c1)CC[C@@H]1[C@]2(C)CCC[C@@]1(C)CNCCc1ccc(O)cc1,DHA
53,CC(C)c1ccc2c(c1)CC[C@@H]1[C@]2(C)CCC[C@@]1(C)CNCCc1ccc(-c2ccccc2)cc1,DHA
54,CC(C)c1ccc2c(c1)CC[C@@H]1[C@]2(C)CCC[C@@]1(C)CNCCc1ccc(-c2ccccc2)cc1,DHA
55,CC(C)c1ccc2c(c1)CC[C@@H]1[C@]2(C)CCC[C@@]1(C)CNCCBr,DHA
56,CC(C)c1ccc2c(c1)CC[C@@H]1[C@]2(C)CCC[C@@]1(C)CNCCCO,DHA
57,CC(C)c1ccc2c(c1)CC[C@@H]1[C@]2(C)CCC[C@@]1(C)CNCCCCl,DHA
58,COc1cc(CCNC[C@]2(C)CCC[C@]3(C)c4ccc(C(C)C)cc4CC[C@H]32)ccc1O,DHA
59,COc1cc(CCNC[C@]2(C)CCC[C@]3(C)c4ccc(C(C)C)cc4CC[C@H]32)ccc1O,DHA
60,COc1cc(CCNC[C@]2(C)CCC[C@]3(C)c4ccc(C(C)C)cc4CC[C@H]32)ccc1O,DHA
61,CC(C)c1ccc2c(c1)CC[C@@H]1[C@]2(C)CCC[C@@]1(C)CNc1ccc([N+](=O)[O-])cc1,DHA
62,CC(C)c1ccc2c(c1)CC[C@@H]1[C@]2(C)CCC[C@@]1(C)CNCCc1ccc(Oc2ccccc2)cc1,DHA
63,Cc1nc(Cl)cc(NC[C@]2(C)CCC[C@]3(C)c4ccc(C(C)C)cc4CC[C@H]32)n1,DHA
64,CC(C)c1ccc2c(c1)CC[C@@H]1[C@]2(C)CCC[C@@]1(C)CNC(=[NH2+])c1ccccc1,DHA
65,CC(C)c1ccc2c(c1)CC[C@@H]1[C@]2(C)CCC[C@@]1(C)CNc1ccc(S(=O)(=O)O)cc1,DHA
66,CC(C)c1ccc2c(c1)CC[C@@H]1[C@]2(C)CCC[C@@]1(C)CNCCO,DHA
67,CC(C)c1ccc2c(c1)CC[C@@H]1[C@]2(C)CCC[C@@]1(C)CNCCO,DHA
68,CC(C)c1ccc2c(c1)CC[C@@H]1[C@]2(C)CCC[C@@]1(C)CNCC(C)(C)C,DHA
69,CC(C)c1ccc2c(c1)CC[C@@H]1[C@]2(C)CCC[C@@]1(C)CNc1ccccc1,DHA
70,CC(C)c1ccc2c(c1)CC[C@@H]1[C@]2(C)CCC[C@@]1(C)CNc1ccccc1,DHA
71,COc1ccc(Cl)c(NC[C@]2(C)CCC[C@]3(C)c4ccc(C(C)C)cc4CC[C@H]32)c1,DHA
72,CCc1ccccc1NC[C@]1(C)CCC[C@]2(C)c3ccc(C(C)C)cc3CC[C@H]21,DHA
73,CC(C)c1ccc2c(c1)CC[C@@H]1[C@]2(C)CCC[C@@]1(C)CNc1cccc(Cl)c1Cl,DHA
74,Cc1cccc(C)c1NC[C@]1(C)CCC[C@]2(C)c3ccc(C(C)C)cc3CC[C@H]21,DHA
75,CC(C)c1ccc2c(c1)CC[C@@H]1[C@]2(C)CCC[C@@]1(C)CNc1cccc(C(F)(F)F)c1,DHA
76,Cc1nnc(NC[C@]2(C)CCC[C@]3(C)c4ccc(C(C)C)cc4CC[C@H]32)nc1C,DHA
77,CC(C)c1ccc2c(c1)CC[C@@H]1[C@]2(C)CCC[C@@]1(C)CNc1cccc(Cl)c1,DHA
78,CCc1cccc(NC[C@]2(C)CCC[C@]3(C)c4ccc(C(C)C)cc4CC[C@H]32)c1,DHA
79,CC(C)c1ccc2c(c1)CC[C@@H]1[C@]2(C)CCC[C@@]1(C)CNc1ccc2c(c1)OCO2,DHA
80,CC(C)c1ccc2c(c1)CC[C@@H]1[C@]2(C)CCC[C@@]1(C)CNc1ccncc1,DHA
81,Cc1cc(Cl)ccc1NC[C@]1(C)CCC[C@]2(C)c3ccc(C(C)C)cc3CC[C@H]21,DHA
82,CCOc1ccc(NC[C@]2(C)CCC[C@]3(C)c4ccc(C(C)C)cc4CC[C@H]32)cc1,DHA
83,CCc1ccc(NC[C@]2(C)CCC[C@]3(C)c4ccc(C(C)C)cc4CC[C@H]32)cc1,DHA
84,CC(C)c1ccc2c(c1)CC[C@@H]1[C@]2(C)CCC[C@@]1(C)CNc1ccc(F)cc1,DHA
85,CC(C)c1ccc2c(c1)CC[C@@H]1[C@]2(C)CCC[C@@]1(C)CNc1ccc(C(C)(C)C)cc1,DHA
86,CC(=O)c1ccc(NC[C@]2(C)CCC[C@]3(C)c4ccc(C(C)C)cc4CC[C@H]32)cc1,DHA
87,Cc1cc(NC[C@]2(C)CCC[C@]3(C)c4ccc(C(C)C)cc4CC[C@H]32)n(-c2ccccc2)n1,DHA
88,CCCCNC[C@]1(C)CCC[C@]2(C)c3ccc(C(C)C)cc3CC[C@H]21,DHA
89,CC(C)c1ccc2c(c1)CC[C@@H]1[C@]2(C)CCC[C@@]1(C)CNC1CCC1,DHA
90,CC(C)c1ccc2c(c1)CC[C@@H]1[C@]2(C)CCC[C@@]1(C)CNC1CCCCCC1,DHA
91,CC(C)c1ccc2c(c1)CC[C@@H]1[C@]2(C)CCC[C@@]1(C)CNC1CCCCC1,DHA
92,CC(C)c1ccc2c(c1)CC[C@@H]1[C@]2(C)CCC[C@@]1(C)CNC1CCCC1,DHA
93,CCOC(=O)c1ccc(NC[C@]2(C)CCC[C@]3(C)c4ccc(C(C)C)cc4CC[C@H]32)cc1,DHA
94,CC(C)c1ccc2c(c1)CC[C@@H]1[C@]2(C)CCC[C@@]1(C)CNCCN(C)C,DHA
95,Cc1ccccc1NC[C@]1(C)CCC[C@]2(C)c3ccc(C(C)C)cc3CC[C@H]21,DHA
96,CC(C)c1ccc2c(c1)CC[C@@H]1[C@]2(C)CCC[C@@]1(C)CNC(C)(C)C,DHA
97,CC(C)c1ccc2c(c1)CC[C@@H]1[C@]2(C)CCC[C@@]1(C)CNCC1CCCCCC1,DHA
98,CC(C)c1ccc2c(c1)CC[C@@H]1[C@]2(C)CCC[C@@]1(C)CNCCCc1ccccc1,DHA
99,COC(=O)c1ccc(NC[C@]2(C)CCC[C@]3(C)c4ccc(C(C)C)cc4CC[C@H]32)cc1,DHA
100,CC(C)c1ccc2c(c1)CC[C@@H]1[C@]2(C)CCC[C@@]1(C)CNc1ccccc1,DHA
101,CC(C)c1ccc2c(c1)CC[C@@H]1[C@]2(C)CCC[C@@]1(C)CNCCC#N,DHA
102,CC(C)c1ccc2c(c1)CC[C@@H]1[C@]2(C)CCC[C@@]1(C)CNc1ccccc1B1OC(C)(C)C(C)(C)O1,DHA
103,CC(C)c1ccc2c(c1)CC[C@@H]1[C@]2(C)CCC[C@@]1(C)CNCc1ccc(C(F)(F)F)cc1,DHA
104,CC(C)c1ccc2c(c1)CC[C@@H]1[C@]2(C)CCC[C@@]1(C)CNc1ccc(N2CCN(C(=O)OC(C)(C)C)CC2)cc1,DHA
105,C=CCNC[C@]1(C)CCC[C@]2(C)c3ccc(C(C)C)cc3CC[C@H]21,DHA
106,CC(C)c1ccc2c(c1)CC[C@@H]1[C@]2(C)CCC[C@@]1(C)CNc1c(S(=O)C(F)(F)F)c(C#N)nn1-c1c(Cl)cc(C(F)(F)F)cc1Cl,DHA
107,C=C(C)CNC[C@]1(C)CCC[C@]2(C)c3ccc(C(C)C)cc3CC[C@H]21,DHA
108,CCN(CC)C(=O)C1(c2ccccc2)CC1CNC[C@]1(C)CCC[C@]2(C)c3ccc(C(C)C)cc3CC[C@H]21,DHA
109,CC(C)c1ccc2c(c1)CC[C@@H]1[C@]2(C)CCC[C@@]1(C)CN[C@@H](C)C1CCCCC1,DHA
110,C=C(C)CNC[C@]1(C)CCC[C@]2(C)c3ccc(C(C)C)cc3CC[C@H]21,DHA
111,CC(C)c1ccc2c(c1)CC[C@@H]1[C@]2(C)CCC[C@@]1(C)CNc1ccccc1B(O)O,DHA
112,CC(C)c1ccc2c(c1)CC[C@@H]1[C@]2(C)CCC[C@@]1(C)CNC(C)C12CC3CC(CC(C3)C1)C2,DHA
113,CC(C)c1ccc2c(c1)CC[C@@H]1[C@]2(C)CCC[C@@]1(C)CNCC12CC3CC(CC(C3)C1)C2,DHA
114,Cc1cc(C)n(CCNC[C@]2(C)CCC[C@]3(C)c4ccc(C(C)C)cc4CC[C@H]32)n1,DHA
115,CC(C)c1ccc2c(c1)CC[C@@H]1[C@]2(C)CCC[C@@]1(C)CNC1C2CC3CC(C2)CC1C3,DHA
116,Cc1cnc(NC[C@]2(C)CCC[C@]3(C)c4ccc(C(C)C)cc4CC[C@H]32)s1,DHA
117,CC(C)c1ccc2c(c1)CC[C@@H]1[C@]2(C)CCC[C@@]1(C)CNCC1COC(C)(C)O1,DHA
118,CC(C)c1ccc2c(c1)CC[C@@H]1[C@]2(C)CCC[C@@]1(C)CNc1cccnc1,DHA
119,CC(C)c1ccc2c(c1)CC[C@@H]1[C@]2(C)CCC[C@@]1(C)CNCCC(C)(C)C,DHA
120,CC(C)c1ccc2c(c1)CC[C@@H]1[C@]2(C)CCC[C@@]1(C)CNCCc1ccncc1,DHA
121,CC(C)c1ccc2c(c1)CC[C@@H]1[C@]2(C)CCC[C@@]1(C)CNC1CCCCCCCCCCC1,DHA
122,CC(C)c1ccc2c(c1)CC[C@@H]1[C@]2(C)CCC[C@@]1(C)CNCC1CCCCC1,DHA
123,CC(C)c1ccc2c(c1)CC[C@@H]1[C@]2(C)CCC[C@@]1(C)CNC1CCCCCCC1,DHA
124,CC(C)c1ccc2c(c1)CC[C@@H]1[C@]2(C)CCC[C@@]1(C)CNC1CC1,DHA
125,CC(C)c1ccc2c(c1)CC[C@@H]1[C@]2(C)CCC[C@@]1(C)CNc1ccccc1N1CCN(C(=O)OC(C)(C)C)CC1,DHA
126,CC(C)c1ccc2c(c1)CC[C@@H]1[C@]2(C)CCC[C@@]1(C)CNC1CCCC1OCc1ccccc1,DHA
127,COc1ccc(CNC[C@]2(C)CCC[C@]3(C)c4ccc(C(C)C)cc4CC[C@H]32)c(OC)c1,DHA
128,CC(C)c1ccc2c(c1)CC[C@@H]1[C@]2(C)CCC[C@@]1(C)CNCCC1=CCCCC1,DHA
129,CC(C)c1ccc2c(c1)CC[C@@H]1[C@]2(C)CCC[C@@]1(C)CNCCc1ccc(Cl)cc1,DHA
130,CC(C)c1ccc2c(c1)CC[C@@H]1[C@]2(C)CCC[C@@]1(C)CNCCc1ccc(Cl)cc1,DHA
131,CC(C)c1ccc2c(c1)CC[C@@H]1[C@]2(C)CCC[C@@]1(C)CNC1Cc2ccccc2C1,DHA
132,CC(C)c1ccc2c(c1)CC[C@@H]1[C@]2(C)CCC[C@@]1(C)CNC1CCC(O)CC1,DHA
133,CC(C)c1ccc2c(c1)CC[C@@H]1[C@]2(C)CCC[C@@]1(C)CNc1ccc2ncccc2c1,DHA
134,CC(C)c1ccc2c(c1)CC[C@@H]1[C@]2(C)CCC[C@@]1(C)CNc1ccc2ncccc2c1,DHA
135,CC(C)c1ccc2c(c1)CC[C@@H]1[C@]2(C)CCC[C@@]1(C)CNc1cccc2cccnc12,DHA
136,CC(C)c1ccc2c(c1)CC[C@@H]1[C@]2(C)CCC[C@@]1(C)CNc1cccc2cccnc12,DHA
137,CC(C)c1ccc2c(c1)CC[C@@H]1[C@]2(C)CCC[C@@]1(C)CNc1cccc2cccnc12,DHA
138,CC(C)c1ccc2c(c1)CC[C@@H]1[C@]2(C)CCC[C@@]1(C)CNC12CC3CC(CC(C3)C1)C2,DHA
139,CC(C)c1ccc2c(c1)CC[C@@H]1[C@]2(C)CCC[C@@]1(C)CNC(=O)OCc1ccccc1,DHA
140,CC(C)c1ccc2c(c1)CC[C@@H]1[C@]2(C)CCC[C@@]1(C)CNC(C)c1ccccc1,DHA
141,CC(C)c1ccc2c(c1)CC[C@@H]1[C@]2(C)CCC[C@@]1(C)CNC(C)c1ccccc1,DHA
142,CC(C)c1ccc2c(c1)CC[C@@H]1[C@]2(C)CCC[C@@]1(C)CNc1ccc2c(c1)OCCO2,DHA
143,CC(C)c1ccc2c(c1)CC[C@@H]1[C@]2(C)CCC[C@@]1(C)CNc1nncs1,DHA
144,CC(C)c1ccc2c(c1)CC[C@@H]1[C@]2(C)CCC[C@@]1(C)CNc1cc(Cl)ccc1O,DHA
145,Cc1cc(C)nc(NC[C@]2(C)CCC[C@]3(C)c4ccc(C(C)C)cc4CC[C@H]32)n1,DHA
146,Cc1ccc(NC[C@]2(C)CCC[C@]3(C)c4ccc(C(C)C)cc4CC[C@H]32)nc1,DHA
147,CC(C)c1ccc2c(c1)CC[C@@H]1[C@]2(C)CCC[C@@]1(C)CNc1nc2ccccc2s1,DHA
148,CC(C)c1ccc2c(c1)CC[C@@H]1[C@]2(C)CCC[C@@]1(C)CNCc1ccc(Cl)cc1Cl,DHA
149,CC(C)c1ccc2c(c1)CC[C@@H]1[C@]2(C)CCC[C@@]1(C)CNc1c(F)cccc1F,DHA
150,C/C(=C\C#N)NC[C@]1(C)CCC[C@]2(C)c3ccc(C(C)C)cc3CC[C@H]21,DHA
151,CC(C)c1ccc2c(c1)CC[C@@H]1[C@]2(C)CCC[C@@]1(C)CNc1cc(Cl)cc(Cl)c1,DHA
152,CC(C)c1ccc2c(c1)CC[C@@H]1[C@]2(C)CCC[C@@]1(C)CNc1ccc(OCc2ccccc2)cc1,DHA
153,CC(C)c1ccc2c(c1)CC[C@@H]1[C@]2(C)CCC[C@@]1(C)CNc1ccc(O)cc1Cl,DHA
154,Cc1ccc(NC[C@]2(C)CCC[C@]3(C)c4ccc(C(C)C)cc4CC[C@H]32)cc1O,DHA
155,CC(C)c1ccc2c(c1)CC[C@@H]1[C@]2(C)CCC[C@@]1(C)CNc1ncnc2c1ncn2C1OC(CO)C(O)C1O,DHA
156,CC(C)c1ccc2c(c1)CC[C@@H]1[C@]2(C)CCC[C@@]1(C)CNCc1ccccc1,DHA
157,CC(C)c1ccc2c(c1)CC[C@@H]1[C@]2(C)CCC[C@@]1(C)CNc1ccn(C2OC(CO)C(O)C2O)c(=O)n1,DHA
158,CCOC(=O)c1ccccc1NC[C@]1(C)CCC[C@]2(C)c3ccc(C(C)C)cc3CC[C@H]21,DHA
159,CCOC(=O)c1cccc(NC[C@]2(C)CCC[C@]3(C)c4ccc(C(C)C)cc4CC[C@H]32)c1,DHA
160,COc1ccccc1NC[C@]1(C)CCC[C@]2(C)c3ccc(C(C)C)cc3CC[C@H]21,DHA
161,CC(C)c1ccc2c(c1)CC[C@@H]1[C@]2(C)CCC[C@@]1(C)CNC(=O)OC(C)(C)C,DHA
162,CC(C)c1ccc2c(c1)CC[C@@H]1[C@]2(C)CCC[C@@]1(C)CNC1CCN(Cc2ccccc2)C1,DHA
163,CC(C)c1ccc2c(c1)CC[C@@H]1[C@]2(C)CCC[C@@]1(C)CNc1ccc(C#N)cc1,DHA
164,CC(C)c1ccc2c(c1)CC[C@@H]1[C@]2(C)CCC[C@@]1(C)CNc1ccnc2ccccc12,DHA
165,CCC(CO)NC[C@]1(C)CCC[C@]2(C)c3ccc(C(C)C)cc3CC[C@H]21,DHA
166,CC(C)c1ccc2c(c1)CC[C@@H]1[C@]2(C)CCC[C@@]1(C)CNC1CCN(C(=O)OC(C)(C)C)C1,DHA
167,CC(C)c1ccc2c(c1)CC[C@@H]1[C@]2(C)CCC[C@@]1(C)CNc1cc(C(F)(F)F)cc(C(F)(F)F)c1,DHA
168,CC(C)c1ccc2c(c1)CC[C@@H]1[C@]2(C)CCC[C@@]1(C)CNC(=O)C[n+]1ccccc1,DHA
169,CC(C)c1ccc2c(c1)CC[C@@H]1[C@]2(C)CCC[C@@]1(C)CN[C@H]1c2ccccc2C[C@H]1O,DHA
170,CC(C)c1ccc2c(c1)CC[C@@H]1[C@]2(C)CCC[C@@]1(C)CNCC(c1ccccc1)c1ccccc1,DHA
171,CC[C@H](C)[C@@H](CO)NC[C@]1(C)CCC[C@]2(C)c3ccc(C(C)C)cc3CC[C@H]21,DHA
172,CC(CO)NC[C@]1(C)CCC[C@]2(C)c3ccc(C(C)C)cc3CC[C@H]21,DHA
173,CC(C)c1ccc2c(c1)CC[C@@H]1[C@]2(C)CCC[C@@]1(C)CNCC1COC(C)(C)O1,DHA
174,CC(C)c1ccc2c(c1)CC[C@@H]1[C@]2(C)CCC[C@@]1(C)CNC1CC1,DHA
175,CC(C)c1ccc2c(c1)CC[C@@H]1[C@]2(C)CCC[C@@]1(C)CNCCc1ccc(-c2ccccc2)cc1,DHA
176,CCOC(=O)c1ccc(NC[C@]2(C)CCC[C@]3(C)c4ccc(C(C)C)cc4CC[C@H]32)cc1,DHA
177,Cc1ccc(NC[C@]2(C)CCC[C@]3(C)c4ccc(C(C)C)cc4CC[C@H]32)cc1,DHA
178,CCN(CC)CCNC[C@]1(C)CCC[C@]2(C)c3ccc(C(C)C)cc3CC[C@H]21,DHA
179,CCOC(=O)Cc1ccccc1NC[C@]1(C)CCC[C@]2(C)c3ccc(C(C)C)cc3CC[C@H]21,DHA
180,CC(C)c1ccc2c(c1)CC[C@@H]1[C@]2(C)CCC[C@@]1(C)CNCC(O)c1ccc(O)c(O)c1,DHA
181,CCOC(=O)CCNC[C@]1(C)CCC[C@]2(C)c3ccc(C(C)C)cc3CC[C@H]21,DHA
182,CC(C)c1ccc2c(c1)CC[C@@H]1[C@]2(C)CCC[C@@]1(C)CNc1ccccc1[N+](=O)[O-],DHA
183,CC(C)c1ccc2c(c1)CC[C@@H]1[C@]2(C)CCC[C@@]1(C)CNC(=N)c1cccnc1,DHA
184,CC(C)c1ccc2c(c1)CC[C@@H]1[C@]2(C)CCC[C@@]1(C)CNC(=[NH2+])c1ccccn1,DHA
185,CC(C)c1ccc2c(c1)CC[C@@H]1[C@]2(C)CCC[C@@]1(C)CNCCOB(c1ccccc1)c1ccccc1,DHA
186,CC(C)c1ccc2c(c1)CC[C@@H]1[C@]2(C)CCC[C@@]1(C)CNc1ccc(Cl)cc1,DHA
187,CC(C)c1ccc2c(c1)CC[C@@H]1[C@]2(C)CCC[C@@]1(C)CNc1ccc(I)cc1,DHA
188,CC(C)c1ccc2c(c1)CC[C@@H]1[C@]2(C)CCC[C@@]1(C)CNc1cccc2ccccc12,DHA
189,CC(C)c1ccc2c(c1)CC[C@@H]1[C@]2(C)CCC[C@@]1(C)CN[C@H](C(=O)N1[C@H](C#N)C[C@@H]2C[C@@H]21)C12CC3CC(CC(O)(C3)C1)C2,DHA
190,CC(C)c1ccc2c(c1)CC[C@@H]1[C@]2(C)CCC[C@@]1(C)CNCC(=O)N1CCOCC1,DHA
191,CC(C)c1ccc2c(c1)CC[C@@H]1[C@]2(C)CCC[C@@]1(C)CNCCc1cccs1,DHA
192,COc1ccc(OCCNC[C@]2(C)CCC[C@]3(C)c4ccc(C(C)C)cc4CC[C@H]32)cc1,DHA
193,CC(C)c1ccc2c(c1)CC[C@@H]1[C@]2(C)CCC[C@@]1(C)CNc1ccccc1C(=O)c1ccccc1,DHA
194,CCOC(=O)CC(NC[C@]1(C)CCC[C@]2(C)c3ccc(C(C)C)cc3CC[C@H]21)C(=O)OCC,DHA
195,CC(C)c1ccc2c(c1)CC[C@@H]1[C@]2(C)CCC[C@@]1(C)CNC1CCc2ccccc2N(CC(=O)OC(C)(C)C)C1=O,DHA
196,CC(C)c1ccc2c(c1)CC[C@@H]1[C@]2(C)CCC[C@@]1(C)CN[C@H](C(=O)N1[C@H](C#N)C[C@@H]2C[C@@H]21)C12CC3CC(CC(O)(C3)C1)C2,DHA
197,CC(C)NC[C@]1(C)CCC[C@]2(C)c3ccc(C(C)C)cc3CC[C@H]21,DHA
198,CC(C)c1ccc2c(c1)CC[C@@H]1[C@]2(C)CCC[C@@]1(C)CNc1ccc(-c2ccccc2)cc1,DHA
199,CC(C)c1ccc2c(c1)CC[C@@H]1[C@]2(C)CCC[C@@]1(C)CNc1c2ccccc2nc2ccccc12,DHA
200,CC(C)c1ccc2c(c1)CC[C@@H]1[C@]2(C)CCC[C@@]1(C)CNC[C@@H]1CC[C@H]2C[C@@H]1C2(C)C,DHA
201,COc1ccccc1N1CCN(CCCNC[C@]2(C)CCC[C@]3(C)c4ccc(C(C)C)cc4CC[C@H]32)CC1,DHA
202,CC(C)c1ccc2c(c1)CC[C@@H]1[C@]2(C)CCC[C@@]1(C)CNCCc1ccc2c(c1)OCO2,DHA
203,CC(C)c1ccc2c(c1)CC[C@@H]1[C@]2(C)CCC[C@@]1(C)CNCCSC1CCCC1,DHA
204,CC(C)c1ccc2c(c1)CC[C@@H]1[C@]2(C)CCC[C@@]1(C)CNCCc1ccccc1O,DHA
205,CC(C)c1ccc2c(c1)CC[C@@H]1[C@]2(C)CCC[C@@]1(C)CNC[C@H]1CN(c2ccc(N3CCOCC3=O)cc2)C(=O)O1,DHA
206,CC(C)c1ccc2c(c1)CC[C@@H]1[C@]2(C)CCC[C@@]1(C)CNCC1CCOCC1,DHA
207,CC(C)c1ccc2c(c1)CC[C@@H]1[C@]2(C)CCC[C@@]1(C)CNCCC1CC(CC(=O)OC(C)(C)C)OC(C)(C)O1,DHA
208,CC(C)c1ccc2c(c1)CC[C@@H]1[C@]2(C)CCC[C@@]1(C)CNCC1CN(c2ccc(N3CCOCC3)c(F)c2)C(=O)O1,DHA
209,CC(C)c1ccc2c(c1)CC[C@@H]1[C@]2(C)CCC[C@@]1(C)CNc1c2c(nc3ccccc13)CCCC2,DHA
210,CCC(C)C(NC[C@]1(C)CCC[C@]2(C)c3ccc(C(C)C)cc3CC[C@H]21)C(=O)OC(C)(C)C,DHA
211,CNC[C@]1(C)CCC[C@]2(C)c3ccc(C(C)C)cc3CC[C@H]21,DHA
212,CC[C@H](C)[C@@H](CO)NC[C@]1(C)CCC[C@]2(C)c3ccc(C(C)C)cc3CC[C@H]21,DHA
213,CC(C)c1ccc2c(c1)CC[C@@H]1[C@]2(C)CCC[C@@]1(C)CN[C@H](CO)C1CCCCC1,DHA
214,CC(C)CC(CO)NC[C@]1(C)CCC[C@]2(C)c3ccc(C(C)C)cc3CC[C@H]21,DHA
215,CC(C)c1ccc2c(c1)CC[C@@H]1[C@]2(C)CCC[C@@]1(C)CNC(CO)C(C)C,DHA
216,CCC[C@@H](CO)NC[C@]1(C)CCC[C@]2(C)c3ccc(C(C)C)cc3CC[C@H]21,DHA
217,CCC[C@@H](CO)NC[C@]1(C)CCC[C@]2(C)c3ccc(C(C)C)cc3CC[C@H]21,DHA
218,CC(C)c1ccc2c(c1)CC[C@@H]1[C@]2(C)CCC[C@@]1(C)CNC(C)c1ccccc1,DHA
219,CC(C)c1ccc2c(c1)CC[C@@H]1[C@]2(C)CCC[C@@]1(C)CNC(c1ccccc1)(c1ccccc1)c1ccccc1,DHA
220,CC(C)c1ccc2c(c1)CC[C@@H]1[C@]2(C)CCC[C@@]1(C)CNC(C)c1cccc2ccccc12,DHA
221,CC(C)c1ccc2c(c1)CC[C@@H]1[C@]2(C)CCC[C@@]1(C)CNCc1ccccc1Cl,DHA
222,CC(C)c1ccc2c(c1)CC[C@@H]1[C@]2(C)CCC[C@@]1(C)CNCCc1ccccc1Cl,DHA
223,CCc1cccc(CC)c1NC[C@]1(C)CCC[C@]2(C)c3ccc(C(C)C)cc3CC[C@H]21,DHA
224,CC(C)c1ccc2c(c1)CC[C@@H]1[C@]2(C)CCC[C@@]1(C)CNC(C)c1ccccc1,DHA
225,CC(C)c1ccc2c(c1)CC[C@@H]1[C@]2(C)CCC[C@@]1(C)CNC(C)c1cccc2ccccc12,DHA
226,CC(C)c1ccc2c(c1)CC[C@@H]1[C@]2(C)CCC[C@@]1(C)CNCCCCCO,DHA
227,CC(C)c1ccc2c(c1)CC[C@@H]1[C@]2(C)CCC[C@@]1(C)CNCCCCCCO,DHA
228,COc1cccc(OC)c1NC[C@]1(C)CCC[C@]2(C)c3ccc(C(C)C)cc3CC[C@H]21,DHA
229,CC(C)c1ccc2c(c1)CC[C@@H]1[C@]2(C)CCC[C@@]1(C)CNC12CC3CC(CC(C3)C1)C2,DHA
230,CC(C)c1ccc2c(c1)CC[C@@H]1[C@]2(C)CCC[C@@]1(C)CNc1ccc(I)cc1,DHA
231,CC(C)c1ccc2c(c1)CC[C@@H]1[C@]2(C)CCC[C@@]1(C)CNc1ccc(F)cc1F,DHA
232,CC(C)c1ccc2c(c1)CC[C@@H]1[C@]2(C)CCC[C@@]1(C)CNc1cccc2cccnc12,DHA
233,CC(C)c1ccc2c(c1)CC[C@@H]1[C@]2(C)CCC[C@@]1(C)CNc1ccc(Oc2ccccc2)cc1,DHA
234,CC(C)c1ccc2c(c1)CC[C@@H]1[C@]2(C)CCC[C@@]1(C)CNc1cc(F)c(F)c(F)c1,DHA
235,CC(C)c1ccc2c(c1)CC[C@@H]1[C@]2(C)CCC[C@@]1(C)CNc1c(F)cccc1F,DHA
236,CC(C)c1ccc2c(c1)CC[C@@H]1[C@]2(C)CCC[C@@]1(C)CNc1ccc(C(C)(C)C)cc1,DHA
237,COc1cc(NC[C@]2(C)CCC[C@]3(C)c4ccc(C(C)C)cc4CC[C@H]32)cc(OC)c1,DHA
238,CC(C)c1ccc2c(c1)CC[C@@H]1[C@]2(C)CCC[C@@]1(C)CNc1c(C(C)(C)C)cc(C(C)(C)C)cc1C(C)(C)C,DHA
239,COc1ccccc1CNC[C@]1(C)CCC[C@]2(C)c3ccc(C(C)C)cc3CC[C@H]21,DHA
240,CC(C)c1ccc2c(c1)CC[C@@H]1[C@]2(C)CCC[C@@]1(C)CNc1cnn(C)c1,DHA
241,Cc1ccc(NC[C@]2(C)CCC[C@]3(C)c4ccc(C(C)C)cc4CC[C@H]32)c([N+](=O)[O-])c1,DHA
242,COC(=O)c1ccccc1NC[C@]1(C)CCC[C@]2(C)c3ccc(C(C)C)cc3CC[C@H]21,DHA
243,CC(C)c1cccc(NC[C@]2(C)CCC[C@]3(C)c4ccc(C(C)C)cc4CC[C@H]32)c1,DHA
244,COc1cc([N+](=O)[O-])ccc1NC[C@]1(C)CCC[C@]2(C)c3ccc(C(C)C)cc3CC[C@H]21,DHA
245,COc1ccc(NC[C@]2(C)CCC[C@]3(C)c4ccc(C(C)C)cc4CC[C@H]32)c([N+](=O)[O-])c1,DHA
246,COc1ccc(NC[C@]2(C)CCC[C@]3(C)c4ccc(C(C)C)cc4CC[C@H]32)cc1[N+](=O)[O-],DHA
247,CC(C)c1ccc2c(c1)CC[C@@H]1[C@]2(C)CCC[C@@]1(C)CNCC(F)(F)F,DHA
248,CC(C)c1ccc2c(c1)CC[C@@H]1[C@]2(C)CCC[C@@]1(C)CNc1ccc(F)c(F)c1F,DHA
249,CC(C)c1ccc2c(c1)CC[C@@H]1[C@]2(C)CCC[C@@]1(C)CNc1cc(Cl)ccc1[N+](=O)[O-],DHA
250,CC(=O)c1cccc(NC[C@]2(C)CCC[C@]3(C)c4ccc(C(C)C)cc4CC[C@H]32)c1,DHA
251,CC(C)c1ccc2c(c1)CC[C@@H]1[C@]2(C)CCC[C@@]1(C)CNc1ccccn1,DHA
252,CC(C)c1ccc2c(c1)CC[C@@H]1[C@]2(C)CCC[C@@]1(C)CNC(C)c1ccncc1,DHA
253,CC(C)c1ccc2c(c1)CC[C@@H]1[C@]2(C)CCC[C@@]1(C)CNCc1cccnc1,DHA
254,CC(C)c1ccc2c(c1)CC[C@@H]1[C@]2(C)CCC[C@@]1(C)CNC(C)c1ccccc1,DHA
255,CC(C)c1ccc2c(c1)CC[C@@H]1[C@]2(C)CCC[C@@]1(C)CNC(C)(C)c1ccccc1,DHA
256,CC(C)c1ccc2c(c1)CC[C@@H]1[C@]2(C)CCC[C@@]1(C)CNc1cccc(OC(F)(F)F)c1,DHA
257,COc1cc(C#N)ccc1NC[C@]1(C)CCC[C@]2(C)c3ccc(C(C)C)cc3CC[C@H]21,DHA
258,Cc1ccc(NC[C@]2(C)CCC[C@]3(C)c4ccc(C(C)C)cc4CC[C@H]32)cc1C#N,DHA
259,CC(C)c1ccc2c(c1)CC[C@@H]1[C@]2(C)CCC[C@@]1(C)CNc1c(C#N)cnn1C,DHA
260,CC(C)c1ccc2c(c1)CC[C@@H]1[C@]2(C)CCC[C@@]1(C)CNc1cc(Cl)ccn1,DHA
261,CC(C)c1ccc2c(c1)CC[C@@H]1[C@]2(C)CCC[C@@]1(C)CNc1ccnc(Cl)c1,DHA
262,CC(C)c1ccc2c(c1)CC[C@@H]1[C@]2(C)CCC[C@@]1(C)CNc1ccc(Cl)nc1,DHA
263,CC(C)c1ccc2c(c1)CC[C@@H]1[C@]2(C)CCC[C@@]1(C)CNc1cccc(C#N)c1,DHA
264,COc1ccc(NC[C@]2(C)CCC[C@]3(C)c4ccc(C(C)C)cc4CC[C@H]32)cc1OC,DHA
265,CC(C)c1ccc2c(c1)CC[C@@H]1[C@]2(C)CCC[C@@]1(C)CNc1cccc(S(N)(=O)=O)c1,DHA
266,CC(C)c1ccc2c(c1)CC[C@@H]1[C@]2(C)CCC[C@@]1(C)CNCc1cc(C(F)(F)F)cc(C(F)(F)F)c1,DHA
267,CC(C)c1ccc2c(c1)CC[C@@H]1[C@]2(C)CCC[C@@]1(C)CNc1ccc(Cl)cc1Cl,DHA
268,C#CC(C)(C)NC[C@]1(C)CCC[C@]2(C)c3ccc(C(C)C)cc3CC[C@H]21,DHA
269,C#Cc1cccc(NC[C@]2(C)CCC[C@]3(C)c4ccc(C(C)C)cc4CC[C@H]32)c1,DHA
270,CCOC(=O)c1c(NC[C@]2(C)CCC[C@]3(C)c4ccc(C(C)C)cc4CC[C@H]32)sc2c1CCCC2,DHA
271,CCC(NC[C@]1(C)CCC[C@]2(C)c3ccc(C(C)C)cc3CC[C@H]21)c1ccccc1,DHA
272,CC(C)c1ccc2c(c1)CC[C@@H]1[C@]2(C)CCC[C@@]1(C)CNc1ccc(Cl)c([N+](=O)[O-])c1,DHA
273,COc1ccc(NC[C@]2(C)CCC[C@]3(C)c4ccc(C(C)C)cc4CC[C@H]32)c(OC)c1,DHA
274,Cc1cc(C)cc(NC[C@]2(C)CCC[C@]3(C)c4ccc(C(C)C)cc4CC[C@H]32)c1,DHA
275,CCN(CC)c1ccc(NC[C@]2(C)CCC[C@]3(C)c4ccc(C(C)C)cc4CC[C@H]32)cc1,DHA
276,CC(C)c1ccc2c(c1)CC[C@@H]1[C@]2(C)CCC[C@@]1(C)CNCCC(c1ccccc1)c1ccccc1,DHA
277,CC(C)c1ccc2c(c1)CC[C@@H]1[C@]2(C)CCC[C@@]1(C)CNc1cccc(F)c1F,DHA
278,CC(C)c1ccc2c(c1)CC[C@@H]1[C@]2(C)CCC[C@@]1(C)CNCc1c(F)cccc1F,DHA
279,CC(C)c1ccc2c(c1)CC[C@@H]1[C@]2(C)CCC[C@@]1(C)CNc1ccccc1S,DHA
280,COc1cc(CNC[C@]2(C)CCC[C@]3(C)c4ccc(C(C)C)cc4CC[C@H]32)cc(OC)c1,DHA
281,CCCNC[C@]1(C)CCC[C@]2(C)c3ccc(C(C)C)cc3CC[C@H]21,DHA
282,COc1ccc(NC[C@]2(C)CCC[C@]3(C)c4ccc(C(C)C)cc4CC[C@H]32)cc1F,DHA
283,CC(C)c1ccc2c(c1)CC[C@@H]1[C@]2(C)CCC[C@@]1(C)CNc1ccc(F)cc1I,DHA
284,CC(C)c1ccc2c(c1)CC[C@@H]1[C@]2(C)CCC[C@@]1(C)CNc1ccccc1B1OC(C)(C)C(C)(C)O1,DHA
285,CC(C)c1ccc2c(c1)CC[C@@H]1[C@]2(C)CCC[C@@]1(C)CNc1ccccc1B(O)O,DHA
286,CC(C)c1ccc2c(c1)CC[C@@H]1[C@]2(C)CCC[C@@]1(C)CNC(N)=O,DHA
287,CC(C)c1ccc2c(c1)CC[C@@H]1[C@]2(C)CCC[C@@]1(C)CNC(N)=O,DHA
288,CC(C)c1ccc2c(c1)CC[C@@H]1[C@]2(C)CCC[C@@]1(C)CNCCC1CCN(C(=O)OC(C)(C)C)CC1,DHA
289,CCNC[C@]1(C)CCC[C@]2(C)c3ccc(C(C)C)cc3CC[C@H]21,DHA
290,CC(C)c1ccc2c(c1)CC[C@@H]1[C@]2(C)CCC[C@@]1(C)CNc1ccccc1-c1ccccc1[Pd+],DHA
291,CC(C)c1ccc2c(c1)CC[C@@H]1[C@]2(C)CCC[C@@]1(C)CNc1ccc(C(F)(F)F)cc1,DHA
292,CC(C)c1ccc2c(c1)CC[C@@H]1[C@]2(C)CCC[C@@]1(C)CNC1CCC(C(F)(F)F)CC1,DHA
293,CC(C)c1ccc2c(c1)CC[C@@H]1[C@]2(C)CCC[C@@]1(C)CNc1ccc(S(=O)(=O)[N-]c2ncccn2)cc1,DHA
294,CC(C)c1ccc2c(c1)CC[C@@H]1[C@]2(C)CCC[C@@]1(C)CNc1ccc(S(N)(=O)=O)cc1,DHA
295,CC(C)c1ccc2c(c1)CC[C@@H]1[C@]2(C)CCC[C@@]1(C)CN[C@@H]1C[C@H]1c1ccccc1,DHA
296,CC(C)c1ccc2c(c1)CC[C@@H]1[C@]2(C)CCC[C@@]1(C)CNCCc1ccc(O)cc1,DHA
297,CC(CCc1ccccc1)NC[C@]1(C)CCC[C@]2(C)c3ccc(C(C)C)cc3CC[C@H]21,DHA
298,CCCCCCCCCCCCCCCCCCNC[C@]1(C)CCC[C@]2(C)c3ccc(C(C)C)cc3CC[C@H]21,DHA
299,CC(C)c1ccc2c(c1)CC[C@@H]1[C@]2(C)CCC[C@@]1(C)CNCCc1ccc([N+](=O)[O-])cc1,DHA
300,CC(C)c1ccc2c(c1)CC[C@@H]1[C@]2(C)CCC[C@@]1(C)CNC(=O)Cc1ccccc1,DHA
301,CC(C)c1ccc2c(c1)CC[C@@H]1[C@]2(C)CCC[C@@]1(C)CNCc1ccccn1,DHA
302,Cc1nc(-c2cccc(NC[C@]3(C)CCC[C@]4(C)c5ccc(C(C)C)cc5CC[C@H]43)c2)no1,DHA
303,COc1ccc(CNC[C@]2(C)CCC[C@]3(C)c4ccc(C(C)C)cc4CC[C@H]32)cc1,DHA
304,Cc1cc2nc3ccc(N(C)C)cc3nc2cc1NC[C@]1(C)CCC[C@]2(C)c3ccc(C(C)C)cc3CC[C@H]21,DHA
305,CCCCCCCC/C=C\CCCCCCCCNC[C@]1(C)CCC[C@]2(C)c3ccc(C(C)C)cc3CC[C@H]21,DHA
306,COc1ccc(NC[C@]2(C)CCC[C@]3(C)c4ccc(C(C)C)cc4CC[C@H]32)cc1,DHA
307,COc1ccc(NC[C@]2(C)CCC[C@]3(C)c4ccc(C(C)C)cc4CC[C@H]32)cc1,DHA
308,Cc1ccc(NC[C@]2(C)CCC[C@]3(C)c4ccc(C(C)C)cc4CC[C@H]32)cc1,DHA
309,CC(C)c1ccc2c(c1)CC[C@@H]1[C@]2(C)CCC[C@@]1(C)CNCCc1ccccc1,DHA
310,Cc1cccc(C)c1OCC(C)NC[C@]1(C)CCC[C@]2(C)c3ccc(C(C)C)cc3CC[C@H]21,DHA
311,COC(=O)C(CCSC)NC[C@]1(C)CCC[C@]2(C)c3ccc(C(C)C)cc3CC[C@H]21,DHA
312,CC(C)c1ccc2c(c1)CC[C@@H]1[C@]2(C)CCC[C@@]1(C)CNC(C)c1ccccc1,DHA
313,CSCCCNC[C@]1(C)CCC[C@]2(C)c3ccc(C(C)C)cc3CC[C@H]21,DHA
314,CC(C)c1ccc2c(c1)CC[C@@H]1[C@]2(C)CCC[C@@]1(C)CNCC1CC2C=CC1C2,DHA
315,CC(C)c1ccc2c(c1)CC[C@@H]1[C@]2(C)CCC[C@@]1(C)CNC(=N)n1cccn1,DHA
316,CC(C)c1ccc2c(c1)CC[C@@H]1[C@]2(C)CCC[C@@]1(C)CNC(=N)n1cccn1,DHA
317,Cc1ccc(CNC[C@]2(C)CCC[C@]3(C)c4ccc(C(C)C)cc4CC[C@H]32)cc1,DHA
318,COC(=O)C1CCC(NC[C@]2(C)CCC[C@]3(C)c4ccc(C(C)C)cc4CC[C@H]32)CC1,DHA
319,CC(C)c1ccc2c(c1)CC[C@@H]1[C@]2(C)CCC[C@@]1(C)CN[C@@H](CC(=O)N1CCn2c(nnc2C(F)(F)F)C1)Cc1cc(F)c(F)cc1F,DHA
320,CC(C)c1ccc2c(c1)CC[C@@H]1[C@]2(C)CCC[C@@]1(C)CNCCc1ccc(F)cc1,DHA
321,CC(C)c1ccc2c(c1)CC[C@@H]1[C@]2(C)CCC[C@@]1(C)CNCCN1CCN(C(=O)OC(C)(C)C)CC1,DHA
322,CC(C)c1ccc2c(c1)CC[C@@H]1[C@]2(C)CCC[C@@]1(C)CNCc1ccco1,DHA
323,CC(C)c1ccc2c(c1)CC[C@@H]1[C@]2(C)CCC[C@@]1(C)CNC=O,DHA