nanoChem-generated mosquito worklist,,,,,,,,,,,,,,,,,,,,,,,,,,,,,,,,,,,,,,,,,,,,,,,
,,,,,,,,,,,,,,,,,,,,,,,,,,,,,,,,,,,,,,,,,,,,,,,
Numbers of components in each group:,,,,,,,,,,,,,,,,,,,,,,,,,,,,,,,,,,,,,,,,,,,,,,,
,,,,,,,,,,,,,,,,,,,,,,,,,,,,,,,,,,,,,,,,,,,,,,,
Nucleophile (N): 4,,,,,,,,,,,,,,,,,,,,,,,,,,,,,,,,,,,,,,,,,,,,,,,
Catalyst1 (C): 1,,,,,,,,,,,,,,,,,,,,,,,,,,,,,,,,,,,,,,,,,,,,,,,
Ligand1 (L): 1,,,,,,,,,,,,,,,,,,,,,,,,,,,,,,,,,,,,,,,,,,,,,,,
ReductantOxidant (O): 1,,,,,,,,,,,,,,,,,,,,,,,,,,,,,,,,,,,,,,,,,,,,,,,
,,,,,,,,,,,,,,,,,,,,,,,,,,,,,,,,,,,,,,,,,,,,,,,
Source Plate 1 Map,,,,,,,,,,,,,,,,,,,,,,,,,,,,,,,,,,,,,,,,,,,,,,,
1,2,3,4,5,6,7,8,9,10,11,12,13,14,15,16,17,18,19,20,21,22,,,,,,,,,,,,,,,,,,,,,,,,,,
L1,C1,N1,N2,N3,N4,O1,W1,,,,,,,,E225,E226,E257,E258,E289,E290,,,,,,,,,,,,,,,,,,,,,,,,,,,
L1,C1,N1,N2,N3,N4,O1,W1,,,,,,,,E227,E228,E259,E260,E291,E292,,,,,,,,,,,,,,,,,,,,,,,,,,,
L1,C1,N1,N2,N3,N4,O1,W1,,,,,,,,E229,E230,E261,E262,E293,E294,,,,,,,,,,,,,,,,,,,,,,,,,,,
L1,C1,N1,N2,N3,N4,O1,W1,,,,,,,,E231,E232,E263,E264,E295,E296,,,,,,,,,,,,,,,,,,,,,,,,,,,
L1,C1,N1,N2,N3,N4,O1,W1,,,,,,,,E233,E234,E265,E266,E297,E298,,,,,,,,,,,,,,,,,,,,,,,,,,,
L1,C1,N1,N2,N3,N4,O1,W1,,,,,,,,E235,E236,E267,E268,E299,E300,,,,,,,,,,,,,,,,,,,,,,,,,,,
L1,C1,N1,N2,N3,N4,O1,W1,,,,,,,,E237,E238,E269,E270,E301,E302,,,,,,,,,,,,,,,,,,,,,,,,,,,
L1,C1,N1,N2,N3,N4,O1,W1,,,,,,,,E239,E240,E271,E272,E303,E304,,,,,,,,,,,,,,,,,,,,,,,,,,,
L1,C1,N1,N2,N3,N4,O1,W1,,,,,,,,E241,E242,E273,E274,E305,E306,,,,,,,,,,,,,,,,,,,,,,,,,,,
L1,C1,N1,N2,N3,N4,O1,W1,,,,,,,,E243,E244,E275,E276,E307,E308,,,,,,,,,,,,,,,,,,,,,,,,,,,
L1,C1,N1,N2,N3,N4,O1,W1,,,,,,,,E245,E246,E277,E278,E309,E310,,,,,,,,,,,,,,,,,,,,,,,,,,,
L1,C1,N1,N2,N3,N4,O1,W1,,,,,,,,E247,E248,E279,E280,E311,E312,,,,,,,,,,,,,,,,,,,,,,,,,,,
L1,C1,N1,N2,N3,N4,O1,W1,,,,,,,,E249,E250,E281,E282,E313,E314,,,,,,,,,,,,,,,,,,,,,,,,,,,
L1,C1,N1,N2,N3,N4,O1,W1,,,,,,,,E251,E252,E283,E284,E315,E316,,,,,,,,,,,,,,,,,,,,,,,,,,,
L1,C1,N1,N2,N3,N4,O1,W1,,,,,,,,E253,E254,E285,E286,E317,E318,,,,,,,,,,,,,,,,,,,,,,,,,,,
L1,C1,N1,N2,N3,N4,O1,W1,,,,,,,,E255,E256,E287,E288,E319,E320,,,,,,,,,,,,,,,,,,,,,,,,,,,
,,,,,,,,,,,,,,,,,,,,,,,,,,,,,,,,,,,,,,,,,,,,,,,
Destination Plate Map,,,,,,,,,,,,,,,,,,,,,,,,,,,,,,,,,,,,,,,,,,,,,,,
,,,,,,,,,,,,,,,,,,,,,,,,,,,,,,,,,,,,,,,,,,,,,,,
L1.C1.N1.O1,L1.C1.N1.O1,L1.C1.N1.O1,L1.C1.N1.O1,L1.C1.N1.O1,L1.C1.N1.O1,L1.C1.N1.O1,L1.C1.N1.O1,L1.C1.N1.O1,L1.C1.N1.O1,L1.C1.N1.O1,L1.C1.N1.O1,L1.C1.N2.O1,L1.C1.N2.O1,L1.C1.N2.O1,L1.C1.N2.O1,L1.C1.N2.O1,L1.C1.N2.O1,L1.C1.N2.O1,L1.C1.N2.O1,L1.C1.N2.O1,L1.C1.N2.O1,L1.C1.N2.O1,L1.C1.N2.O1,L1.C1.N3.O1,L1.C1.N3.O1,L1.C1.N3.O1,L1.C1.N3.O1,L1.C1.N3.O1,L1.C1.N3.O1,L1.C1.N3.O1,L1.C1.N3.O1,L1.C1.N3.O1,L1.C1.N3.O1,L1.C1.N3.O1,L1.C1.N3.O1,L1.C1.N4.O1,L1.C1.N4.O1,L1.C1.N4.O1,L1.C1.N4.O1,L1.C1.N4.O1,L1.C1.N4.O1,L1.C1.N4.O1,L1.C1.N4.O1,L1.C1.N4.O1,L1.C1.N4.O1,L1.C1.N4.O1,L1.C1.N4.O1
L1.C1.N1.O1,L1.C1.N1.O1,L1.C1.N1.O1,L1.C1.N1.O1,L1.C1.N1.O1,L1.C1.N1.O1,L1.C1.N1.O1,L1.C1.N1.O1,L1.C1.N1.O1,L1.C1.N1.O1,L1.C1.N1.O1,L1.C1.N1.O1,L1.C1.N2.O1,L1.C1.N2.O1,L1.C1.N2.O1,L1.C1.N2.O1,L1.C1.N2.O1,L1.C1.N2.O1,L1.C1.N2.O1,L1.C1.N2.O1,L1.C1.N2.O1,L1.C1.N2.O1,L1.C1.N2.O1,L1.C1.N2.O1,L1.C1.N3.O1,L1.C1.N3.O1,L1.C1.N3.O1,L1.C1.N3.O1,L1.C1.N3.O1,L1.C1.N3.O1,L1.C1.N3.O1,L1.C1.N3.O1,L1.C1.N3.O1,L1.C1.N3.O1,L1.C1.N3.O1,L1.C1.N3.O1,L1.C1.N4.O1,L1.C1.N4.O1,L1.C1.N4.O1,L1.C1.N4.O1,L1.C1.N4.O1,L1.C1.N4.O1,L1.C1.N4.O1,L1.C1.N4.O1,L1.C1.N4.O1,L1.C1.N4.O1,L1.C1.N4.O1,L1.C1.N4.O1
L1.C1.N1.O1,L1.C1.N1.O1,L1.C1.N1.O1,L1.C1.N1.O1,L1.C1.N1.O1,L1.C1.N1.O1,L1.C1.N1.O1,L1.C1.N1.O1,L1.C1.N1.O1,L1.C1.N1.O1,L1.C1.N1.O1,L1.C1.N1.O1,L1.C1.N2.O1,L1.C1.N2.O1,L1.C1.N2.O1,L1.C1.N2.O1,L1.C1.N2.O1,L1.C1.N2.O1,L1.C1.N2.O1,L1.C1.N2.O1,L1.C1.N2.O1,L1.C1.N2.O1,L1.C1.N2.O1,L1.C1.N2.O1,L1.C1.N3.O1,L1.C1.N3.O1,L1.C1.N3.O1,L1.C1.N3.O1,L1.C1.N3.O1,L1.C1.N3.O1,L1.C1.N3.O1,L1.C1.N3.O1,L1.C1.N3.O1,L1.C1.N3.O1,L1.C1.N3.O1,L1.C1.N3.O1,L1.C1.N4.O1,L1.C1.N4.O1,L1.C1.N4.O1,L1.C1.N4.O1,L1.C1.N4.O1,L1.C1.N4.O1,L1.C1.N4.O1,L1.C1.N4.O1,L1.C1.N4.O1,L1.C1.N4.O1,L1.C1.N4.O1,L1.C1.N4.O1
L1.C1.N1.O1,L1.C1.N1.O1,L1.C1.N1.O1,L1.C1.N1.O1,L1.C1.N1.O1,L1.C1.N1.O1,L1.C1.N1.O1,L1.C1.N1.O1,L1.C1.N1.O1,L1.C1.N1.O1,L1.C1.N1.O1,L1.C1.N1.O1,L1.C1.N2.O1,L1.C1.N2.O1,L1.C1.N2.O1,L1.C1.N2.O1,L1.C1.N2.O1,L1.C1.N2.O1,L1.C1.N2.O1,L1.C1.N2.O1,L1.C1.N2.O1,L1.C1.N2.O1,L1.C1.N2.O1,L1.C1.N2.O1,L1.C1.N3.O1,L1.C1.N3.O1,L1.C1.N3.O1,L1.C1.N3.O1,L1.C1.N3.O1,L1.C1.N3.O1,L1.C1.N3.O1,L1.C1.N3.O1,L1.C1.N3.O1,L1.C1.N3.O1,L1.C1.N3.O1,L1.C1.N3.O1,L1.C1.N4.O1,L1.C1.N4.O1,L1.C1.N4.O1,L1.C1.N4.O1,L1.C1.N4.O1,L1.C1.N4.O1,L1.C1.N4.O1,L1.C1.N4.O1,L1.C1.N4.O1,L1.C1.N4.O1,L1.C1.N4.O1,L1.C1.N4.O1
L1.C1.N1.O1,L1.C1.N1.O1,L1.C1.N1.O1,L1.C1.N1.O1,L1.C1.N1.O1,L1.C1.N1.O1,L1.C1.N1.O1,L1.C1.N1.O1,L1.C1.N1.O1,L1.C1.N1.O1,L1.C1.N1.O1,L1.C1.N1.O1,L1.C1.N2.O1,L1.C1.N2.O1,L1.C1.N2.O1,L1.C1.N2.O1,L1.C1.N2.O1,L1.C1.N2.O1,L1.C1.N2.O1,L1.C1.N2.O1,L1.C1.N2.O1,L1.C1.N2.O1,L1.C1.N2.O1,L1.C1.N2.O1,L1.C1.N3.O1,L1.C1.N3.O1,L1.C1.N3.O1,L1.C1.N3.O1,L1.C1.N3.O1,L1.C1.N3.O1,L1.C1.N3.O1,L1.C1.N3.O1,L1.C1.N3.O1,L1.C1.N3.O1,L1.C1.N3.O1,L1.C1.N3.O1,L1.C1.N4.O1,L1.C1.N4.O1,L1.C1.N4.O1,L1.C1.N4.O1,L1.C1.N4.O1,L1.C1.N4.O1,L1.C1.N4.O1,L1.C1.N4.O1,L1.C1.N4.O1,L1.C1.N4.O1,L1.C1.N4.O1,L1.C1.N4.O1
L1.C1.N1.O1,L1.C1.N1.O1,L1.C1.N1.O1,L1.C1.N1.O1,L1.C1.N1.O1,L1.C1.N1.O1,L1.C1.N1.O1,L1.C1.N1.O1,L1.C1.N1.O1,L1.C1.N1.O1,L1.C1.N1.O1,L1.C1.N1.O1,L1.C1.N2.O1,L1.C1.N2.O1,L1.C1.N2.O1,L1.C1.N2.O1,L1.C1.N2.O1,L1.C1.N2.O1,L1.C1.N2.O1,L1.C1.N2.O1,L1.C1.N2.O1,L1.C1.N2.O1,L1.C1.N2.O1,L1.C1.N2.O1,L1.C1.N3.O1,L1.C1.N3.O1,L1.C1.N3.O1,L1.C1.N3.O1,L1.C1.N3.O1,L1.C1.N3.O1,L1.C1.N3.O1,L1.C1.N3.O1,L1.C1.N3.O1,L1.C1.N3.O1,L1.C1.N3.O1,L1.C1.N3.O1,L1.C1.N4.O1,L1.C1.N4.O1,L1.C1.N4.O1,L1.C1.N4.O1,L1.C1.N4.O1,L1.C1.N4.O1,L1.C1.N4.O1,L1.C1.N4.O1,L1.C1.N4.O1,L1.C1.N4.O1,L1.C1.N4.O1,L1.C1.N4.O1
L1.C1.N1.O1,L1.C1.N1.O1,L1.C1.N1.O1,L1.C1.N1.O1,L1.C1.N1.O1,L1.C1.N1.O1,L1.C1.N1.O1,L1.C1.N1.O1,L1.C1.N1.O1,L1.C1.N1.O1,L1.C1.N1.O1,L1.C1.N1.O1,L1.C1.N2.O1,L1.C1.N2.O1,L1.C1.N2.O1,L1.C1.N2.O1,L1.C1.N2.O1,L1.C1.N2.O1,L1.C1.N2.O1,L1.C1.N2.O1,L1.C1.N2.O1,L1.C1.N2.O1,L1.C1.N2.O1,L1.C1.N2.O1,L1.C1.N3.O1,L1.C1.N3.O1,L1.C1.N3.O1,L1.C1.N3.O1,L1.C1.N3.O1,L1.C1.N3.O1,L1.C1.N3.O1,L1.C1.N3.O1,L1.C1.N3.O1,L1.C1.N3.O1,L1.C1.N3.O1,L1.C1.N3.O1,L1.C1.N4.O1,L1.C1.N4.O1,L1.C1.N4.O1,L1.C1.N4.O1,L1.C1.N4.O1,L1.C1.N4.O1,L1.C1.N4.O1,L1.C1.N4.O1,L1.C1.N4.O1,L1.C1.N4.O1,L1.C1.N4.O1,L1.C1.N4.O1
L1.C1.N1.O1,L1.C1.N1.O1,L1.C1.N1.O1,L1.C1.N1.O1,L1.C1.N1.O1,L1.C1.N1.O1,L1.C1.N1.O1,L1.C1.N1.O1,L1.C1.N1.O1,L1.C1.N1.O1,L1.C1.N1.O1,L1.C1.N1.O1,L1.C1.N2.O1,L1.C1.N2.O1,L1.C1.N2.O1,L1.C1.N2.O1,L1.C1.N2.O1,L1.C1.N2.O1,L1.C1.N2.O1,L1.C1.N2.O1,L1.C1.N2.O1,L1.C1.N2.O1,L1.C1.N2.O1,L1.C1.N2.O1,L1.C1.N3.O1,L1.C1.N3.O1,L1.C1.N3.O1,L1.C1.N3.O1,L1.C1.N3.O1,L1.C1.N3.O1,L1.C1.N3.O1,L1.C1.N3.O1,L1.C1.N3.O1,L1.C1.N3.O1,L1.C1.N3.O1,L1.C1.N3.O1,L1.C1.N4.O1,L1.C1.N4.O1,L1.C1.N4.O1,L1.C1.N4.O1,L1.C1.N4.O1,L1.C1.N4.O1,L1.C1.N4.O1,L1.C1.N4.O1,L1.C1.N4.O1,L1.C1.N4.O1,L1.C1.N4.O1,L1.C1.N4.O1
L1.C1.N1.O1,L1.C1.N1.O1,L1.C1.N1.O1,L1.C1.N1.O1,L1.C1.N1.O1,L1.C1.N1.O1,L1.C1.N1.O1,L1.C1.N1.O1,L1.C1.N1.O1,L1.C1.N1.O1,L1.C1.N1.O1,L1.C1.N1.O1,L1.C1.N2.O1,L1.C1.N2.O1,L1.C1.N2.O1,L1.C1.N2.O1,L1.C1.N2.O1,L1.C1.N2.O1,L1.C1.N2.O1,L1.C1.N2.O1,L1.C1.N2.O1,L1.C1.N2.O1,L1.C1.N2.O1,L1.C1.N2.O1,L1.C1.N3.O1,L1.C1.N3.O1,L1.C1.N3.O1,L1.C1.N3.O1,L1.C1.N3.O1,L1.C1.N3.O1,L1.C1.N3.O1,L1.C1.N3.O1,L1.C1.N3.O1,L1.C1.N3.O1,L1.C1.N3.O1,L1.C1.N3.O1,L1.C1.N4.O1,L1.C1.N4.O1,L1.C1.N4.O1,L1.C1.N4.O1,L1.C1.N4.O1,L1.C1.N4.O1,L1.C1.N4.O1,L1.C1.N4.O1,L1.C1.N4.O1,L1.C1.N4.O1,L1.C1.N4.O1,L1.C1.N4.O1
L1.C1.N1.O1,L1.C1.N1.O1,L1.C1.N1.O1,L1.C1.N1.O1,L1.C1.N1.O1,L1.C1.N1.O1,L1.C1.N1.O1,L1.C1.N1.O1,L1.C1.N1.O1,L1.C1.N1.O1,L1.C1.N1.O1,L1.C1.N1.O1,L1.C1.N2.O1,L1.C1.N2.O1,L1.C1.N2.O1,L1.C1.N2.O1,L1.C1.N2.O1,L1.C1.N2.O1,L1.C1.N2.O1,L1.C1.N2.O1,L1.C1.N2.O1,L1.C1.N2.O1,L1.C1.N2.O1,L1.C1.N2.O1,L1.C1.N3.O1,L1.C1.N3.O1,L1.C1.N3.O1,L1.C1.N3.O1,L1.C1.N3.O1,L1.C1.N3.O1,L1.C1.N3.O1,L1.C1.N3.O1,L1.C1.N3.O1,L1.C1.N3.O1,L1.C1.N3.O1,L1.C1.N3.O1,L1.C1.N4.O1,L1.C1.N4.O1,L1.C1.N4.O1,L1.C1.N4.O1,L1.C1.N4.O1,L1.C1.N4.O1,L1.C1.N4.O1,L1.C1.N4.O1,L1.C1.N4.O1,L1.C1.N4.O1,L1.C1.N4.O1,L1.C1.N4.O1
L1.C1.N1.O1,L1.C1.N1.O1,L1.C1.N1.O1,L1.C1.N1.O1,L1.C1.N1.O1,L1.C1.N1.O1,L1.C1.N1.O1,L1.C1.N1.O1,L1.C1.N1.O1,L1.C1.N1.O1,L1.C1.N1.O1,L1.C1.N1.O1,L1.C1.N2.O1,L1.C1.N2.O1,L1.C1.N2.O1,L1.C1.N2.O1,L1.C1.N2.O1,L1.C1.N2.O1,L1.C1.N2.O1,L1.C1.N2.O1,L1.C1.N2.O1,L1.C1.N2.O1,L1.C1.N2.O1,L1.C1.N2.O1,L1.C1.N3.O1,L1.C1.N3.O1,L1.C1.N3.O1,L1.C1.N3.O1,L1.C1.N3.O1,L1.C1.N3.O1,L1.C1.N3.O1,L1.C1.N3.O1,L1.C1.N3.O1,L1.C1.N3.O1,L1.C1.N3.O1,L1.C1.N3.O1,L1.C1.N4.O1,L1.C1.N4.O1,L1.C1.N4.O1,L1.C1.N4.O1,L1.C1.N4.O1,L1.C1.N4.O1,L1.C1.N4.O1,L1.C1.N4.O1,L1.C1.N4.O1,L1.C1.N4.O1,L1.C1.N4.O1,L1.C1.N4.O1
L1.C1.N1.O1,L1.C1.N1.O1,L1.C1.N1.O1,L1.C1.N1.O1,L1.C1.N1.O1,L1.C1.N1.O1,L1.C1.N1.O1,L1.C1.N1.O1,L1.C1.N1.O1,L1.C1.N1.O1,L1.C1.N1.O1,L1.C1.N1.O1,L1.C1.N2.O1,L1.C1.N2.O1,L1.C1.N2.O1,L1.C1.N2.O1,L1.C1.N2.O1,L1.C1.N2.O1,L1.C1.N2.O1,L1.C1.N2.O1,L1.C1.N2.O1,L1.C1.N2.O1,L1.C1.N2.O1,L1.C1.N2.O1,L1.C1.N3.O1,L1.C1.N3.O1,L1.C1.N3.O1,L1.C1.N3.O1,L1.C1.N3.O1,L1.C1.N3.O1,L1.C1.N3.O1,L1.C1.N3.O1,L1.C1.N3.O1,L1.C1.N3.O1,L1.C1.N3.O1,L1.C1.N3.O1,L1.C1.N4.O1,L1.C1.N4.O1,L1.C1.N4.O1,L1.C1.N4.O1,L1.C1.N4.O1,L1.C1.N4.O1,L1.C1.N4.O1,L1.C1.N4.O1,L1.C1.N4.O1,L1.C1.N4.O1,L1.C1.N4.O1,L1.C1.N4.O1
L1.C1.N1.O1,L1.C1.N1.O1,L1.C1.N1.O1,L1.C1.N1.O1,L1.C1.N1.O1,L1.C1.N1.O1,L1.C1.N1.O1,L1.C1.N1.O1,L1.C1.N1.O1,L1.C1.N1.O1,L1.C1.N1.O1,L1.C1.N1.O1,L1.C1.N2.O1,L1.C1.N2.O1,L1.C1.N2.O1,L1.C1.N2.O1,L1.C1.N2.O1,L1.C1.N2.O1,L1.C1.N2.O1,L1.C1.N2.O1,L1.C1.N2.O1,L1.C1.N2.O1,L1.C1.N2.O1,L1.C1.N2.O1,L1.C1.N3.O1,L1.C1.N3.O1,L1.C1.N3.O1,L1.C1.N3.O1,L1.C1.N3.O1,L1.C1.N3.O1,L1.C1.N3.O1,L1.C1.N3.O1,L1.C1.N3.O1,L1.C1.N3.O1,L1.C1.N3.O1,L1.C1.N3.O1,L1.C1.N4.O1,L1.C1.N4.O1,L1.C1.N4.O1,L1.C1.N4.O1,L1.C1.N4.O1,L1.C1.N4.O1,L1.C1.N4.O1,L1.C1.N4.O1,L1.C1.N4.O1,L1.C1.N4.O1,L1.C1.N4.O1,L1.C1.N4.O1
L1.C1.N1.O1,L1.C1.N1.O1,L1.C1.N1.O1,L1.C1.N1.O1,L1.C1.N1.O1,L1.C1.N1.O1,L1.C1.N1.O1,L1.C1.N1.O1,L1.C1.N1.O1,L1.C1.N1.O1,L1.C1.N1.O1,L1.C1.N1.O1,L1.C1.N2.O1,L1.C1.N2.O1,L1.C1.N2.O1,L1.C1.N2.O1,L1.C1.N2.O1,L1.C1.N2.O1,L1.C1.N2.O1,L1.C1.N2.O1,L1.C1.N2.O1,L1.C1.N2.O1,L1.C1.N2.O1,L1.C1.N2.O1,L1.C1.N3.O1,L1.C1.N3.O1,L1.C1.N3.O1,L1.C1.N3.O1,L1.C1.N3.O1,L1.C1.N3.O1,L1.C1.N3.O1,L1.C1.N3.O1,L1.C1.N3.O1,L1.C1.N3.O1,L1.C1.N3.O1,L1.C1.N3.O1,L1.C1.N4.O1,L1.C1.N4.O1,L1.C1.N4.O1,L1.C1.N4.O1,L1.C1.N4.O1,L1.C1.N4.O1,L1.C1.N4.O1,L1.C1.N4.O1,L1.C1.N4.O1,L1.C1.N4.O1,L1.C1.N4.O1,L1.C1.N4.O1
L1.C1.N1.O1,L1.C1.N1.O1,L1.C1.N1.O1,L1.C1.N1.O1,L1.C1.N1.O1,L1.C1.N1.O1,L1.C1.N1.O1,L1.C1.N1.O1,L1.C1.N1.O1,L1.C1.N1.O1,L1.C1.N1.O1,L1.C1.N1.O1,L1.C1.N2.O1,L1.C1.N2.O1,L1.C1.N2.O1,L1.C1.N2.O1,L1.C1.N2.O1,L1.C1.N2.O1,L1.C1.N2.O1,L1.C1.N2.O1,L1.C1.N2.O1,L1.C1.N2.O1,L1.C1.N2.O1,L1.C1.N2.O1,L1.C1.N3.O1,L1.C1.N3.O1,L1.C1.N3.O1,L1.C1.N3.O1,L1.C1.N3.O1,L1.C1.N3.O1,L1.C1.N3.O1,L1.C1.N3.O1,L1.C1.N3.O1,L1.C1.N3.O1,L1.C1.N3.O1,L1.C1.N3.O1,L1.C1.N4.O1,L1.C1.N4.O1,L1.C1.N4.O1,L1.C1.N4.O1,L1.C1.N4.O1,L1.C1.N4.O1,L1.C1.N4.O1,L1.C1.N4.O1,L1.C1.N4.O1,L1.C1.N4.O1,L1.C1.N4.O1,L1.C1.N4.O1
L1.C1.N1.O1,L1.C1.N1.O1,L1.C1.N1.O1,L1.C1.N1.O1,L1.C1.N1.O1,L1.C1.N1.O1,L1.C1.N1.O1,L1.C1.N1.O1,L1.C1.N1.O1,L1.C1.N1.O1,L1.C1.N1.O1,L1.C1.N1.O1,L1.C1.N2.O1,L1.C1.N2.O1,L1.C1.N2.O1,L1.C1.N2.O1,L1.C1.N2.O1,L1.C1.N2.O1,L1.C1.N2.O1,L1.C1.N2.O1,L1.C1.N2.O1,L1.C1.N2.O1,L1.C1.N2.O1,L1.C1.N2.O1,L1.C1.N3.O1,L1.C1.N3.O1,L1.C1.N3.O1,L1.C1.N3.O1,L1.C1.N3.O1,L1.C1.N3.O1,L1.C1.N3.O1,L1.C1.N3.O1,L1.C1.N3.O1,L1.C1.N3.O1,L1.C1.N3.O1,L1.C1.N3.O1,L1.C1.N4.O1,L1.C1.N4.O1,L1.C1.N4.O1,L1.C1.N4.O1,L1.C1.N4.O1,L1.C1.N4.O1,L1.C1.N4.O1,L1.C1.N4.O1,L1.C1.N4.O1,L1.C1.N4.O1,L1.C1.N4.O1,L1.C1.N4.O1
L1.C1.N1.O1,L1.C1.N1.O1,L1.C1.N1.O1,L1.C1.N1.O1,L1.C1.N1.O1,L1.C1.N1.O1,L1.C1.N1.O1,L1.C1.N1.O1,L1.C1.N1.O1,L1.C1.N1.O1,L1.C1.N1.O1,L1.C1.N1.O1,L1.C1.N2.O1,L1.C1.N2.O1,L1.C1.N2.O1,L1.C1.N2.O1,L1.C1.N2.O1,L1.C1.N2.O1,L1.C1.N2.O1,L1.C1.N2.O1,L1.C1.N2.O1,L1.C1.N2.O1,L1.C1.N2.O1,L1.C1.N2.O1,L1.C1.N3.O1,L1.C1.N3.O1,L1.C1.N3.O1,L1.C1.N3.O1,L1.C1.N3.O1,L1.C1.N3.O1,L1.C1.N3.O1,L1.C1.N3.O1,L1.C1.N3.O1,L1.C1.N3.O1,L1.C1.N3.O1,L1.C1.N3.O1,L1.C1.N4.O1,L1.C1.N4.O1,L1.C1.N4.O1,L1.C1.N4.O1,L1.C1.N4.O1,L1.C1.N4.O1,L1.C1.N4.O1,L1.C1.N4.O1,L1.C1.N4.O1,L1.C1.N4.O1,L1.C1.N4.O1,L1.C1.N4.O1
L1.C1.N1.O1,L1.C1.N1.O1,L1.C1.N1.O1,L1.C1.N1.O1,L1.C1.N1.O1,L1.C1.N1.O1,L1.C1.N1.O1,L1.C1.N1.O1,L1.C1.N1.O1,L1.C1.N1.O1,L1.C1.N1.O1,L1.C1.N1.O1,L1.C1.N2.O1,L1.C1.N2.O1,L1.C1.N2.O1,L1.C1.N2.O1,L1.C1.N2.O1,L1.C1.N2.O1,L1.C1.N2.O1,L1.C1.N2.O1,L1.C1.N2.O1,L1.C1.N2.O1,L1.C1.N2.O1,L1.C1.N2.O1,L1.C1.N3.O1,L1.C1.N3.O1,L1.C1.N3.O1,L1.C1.N3.O1,L1.C1.N3.O1,L1.C1.N3.O1,L1.C1.N3.O1,L1.C1.N3.O1,L1.C1.N3.O1,L1.C1.N3.O1,L1.C1.N3.O1,L1.C1.N3.O1,L1.C1.N4.O1,L1.C1.N4.O1,L1.C1.N4.O1,L1.C1.N4.O1,L1.C1.N4.O1,L1.C1.N4.O1,L1.C1.N4.O1,L1.C1.N4.O1,L1.C1.N4.O1,L1.C1.N4.O1,L1.C1.N4.O1,L1.C1.N4.O1
L1.C1.N1.O1,L1.C1.N1.O1,L1.C1.N1.O1,L1.C1.N1.O1,L1.C1.N1.O1,L1.C1.N1.O1,L1.C1.N1.O1,L1.C1.N1.O1,L1.C1.N1.O1,L1.C1.N1.O1,L1.C1.N1.O1,L1.C1.N1.O1,L1.C1.N2.O1,L1.C1.N2.O1,L1.C1.N2.O1,L1.C1.N2.O1,L1.C1.N2.O1,L1.C1.N2.O1,L1.C1.N2.O1,L1.C1.N2.O1,L1.C1.N2.O1,L1.C1.N2.O1,L1.C1.N2.O1,L1.C1.N2.O1,L1.C1.N3.O1,L1.C1.N3.O1,L1.C1.N3.O1,L1.C1.N3.O1,L1.C1.N3.O1,L1.C1.N3.O1,L1.C1.N3.O1,L1.C1.N3.O1,L1.C1.N3.O1,L1.C1.N3.O1,L1.C1.N3.O1,L1.C1.N3.O1,L1.C1.N4.O1,L1.C1.N4.O1,L1.C1.N4.O1,L1.C1.N4.O1,L1.C1.N4.O1,L1.C1.N4.O1,L1.C1.N4.O1,L1.C1.N4.O1,L1.C1.N4.O1,L1.C1.N4.O1,L1.C1.N4.O1,L1.C1.N4.O1
L1.C1.N1.O1,L1.C1.N1.O1,L1.C1.N1.O1,L1.C1.N1.O1,L1.C1.N1.O1,L1.C1.N1.O1,L1.C1.N1.O1,L1.C1.N1.O1,L1.C1.N1.O1,L1.C1.N1.O1,L1.C1.N1.O1,L1.C1.N1.O1,L1.C1.N2.O1,L1.C1.N2.O1,L1.C1.N2.O1,L1.C1.N2.O1,L1.C1.N2.O1,L1.C1.N2.O1,L1.C1.N2.O1,L1.C1.N2.O1,L1.C1.N2.O1,L1.C1.N2.O1,L1.C1.N2.O1,L1.C1.N2.O1,L1.C1.N3.O1,L1.C1.N3.O1,L1.C1.N3.O1,L1.C1.N3.O1,L1.C1.N3.O1,L1.C1.N3.O1,L1.C1.N3.O1,L1.C1.N3.O1,L1.C1.N3.O1,L1.C1.N3.O1,L1.C1.N3.O1,L1.C1.N3.O1,L1.C1.N4.O1,L1.C1.N4.O1,L1.C1.N4.O1,L1.C1.N4.O1,L1.C1.N4.O1,L1.C1.N4.O1,L1.C1.N4.O1,L1.C1.N4.O1,L1.C1.N4.O1,L1.C1.N4.O1,L1.C1.N4.O1,L1.C1.N4.O1
L1.C1.N1.O1,L1.C1.N1.O1,L1.C1.N1.O1,L1.C1.N1.O1,L1.C1.N1.O1,L1.C1.N1.O1,L1.C1.N1.O1,L1.C1.N1.O1,L1.C1.N1.O1,L1.C1.N1.O1,L1.C1.N1.O1,L1.C1.N1.O1,L1.C1.N2.O1,L1.C1.N2.O1,L1.C1.N2.O1,L1.C1.N2.O1,L1.C1.N2.O1,L1.C1.N2.O1,L1.C1.N2.O1,L1.C1.N2.O1,L1.C1.N2.O1,L1.C1.N2.O1,L1.C1.N2.O1,L1.C1.N2.O1,L1.C1.N3.O1,L1.C1.N3.O1,L1.C1.N3.O1,L1.C1.N3.O1,L1.C1.N3.O1,L1.C1.N3.O1,L1.C1.N3.O1,L1.C1.N3.O1,L1.C1.N3.O1,L1.C1.N3.O1,L1.C1.N3.O1,L1.C1.N3.O1,L1.C1.N4.O1,L1.C1.N4.O1,L1.C1.N4.O1,L1.C1.N4.O1,L1.C1.N4.O1,L1.C1.N4.O1,L1.C1.N4.O1,L1.C1.N4.O1,L1.C1.N4.O1,L1.C1.N4.O1,L1.C1.N4.O1,L1.C1.N4.O1
L1.C1.N1.O1,L1.C1.N1.O1,L1.C1.N1.O1,L1.C1.N1.O1,L1.C1.N1.O1,L1.C1.N1.O1,L1.C1.N1.O1,L1.C1.N1.O1,L1.C1.N1.O1,L1.C1.N1.O1,L1.C1.N1.O1,L1.C1.N1.O1,L1.C1.N2.O1,L1.C1.N2.O1,L1.C1.N2.O1,L1.C1.N2.O1,L1.C1.N2.O1,L1.C1.N2.O1,L1.C1.N2.O1,L1.C1.N2.O1,L1.C1.N2.O1,L1.C1.N2.O1,L1.C1.N2.O1,L1.C1.N2.O1,L1.C1.N3.O1,L1.C1.N3.O1,L1.C1.N3.O1,L1.C1.N3.O1,L1.C1.N3.O1,L1.C1.N3.O1,L1.C1.N3.O1,L1.C1.N3.O1,L1.C1.N3.O1,L1.C1.N3.O1,L1.C1.N3.O1,L1.C1.N3.O1,L1.C1.N4.O1,L1.C1.N4.O1,L1.C1.N4.O1,L1.C1.N4.O1,L1.C1.N4.O1,L1.C1.N4.O1,L1.C1.N4.O1,L1.C1.N4.O1,L1.C1.N4.O1,L1.C1.N4.O1,L1.C1.N4.O1,L1.C1.N4.O1
L1.C1.N1.O1,L1.C1.N1.O1,L1.C1.N1.O1,L1.C1.N1.O1,L1.C1.N1.O1,L1.C1.N1.O1,L1.C1.N1.O1,L1.C1.N1.O1,L1.C1.N1.O1,L1.C1.N1.O1,L1.C1.N1.O1,L1.C1.N1.O1,L1.C1.N2.O1,L1.C1.N2.O1,L1.C1.N2.O1,L1.C1.N2.O1,L1.C1.N2.O1,L1.C1.N2.O1,L1.C1.N2.O1,L1.C1.N2.O1,L1.C1.N2.O1,L1.C1.N2.O1,L1.C1.N2.O1,L1.C1.N2.O1,L1.C1.N3.O1,L1.C1.N3.O1,L1.C1.N3.O1,L1.C1.N3.O1,L1.C1.N3.O1,L1.C1.N3.O1,L1.C1.N3.O1,L1.C1.N3.O1,L1.C1.N3.O1,L1.C1.N3.O1,L1.C1.N3.O1,L1.C1.N3.O1,L1.C1.N4.O1,L1.C1.N4.O1,L1.C1.N4.O1,L1.C1.N4.O1,L1.C1.N4.O1,L1.C1.N4.O1,L1.C1.N4.O1,L1.C1.N4.O1,L1.C1.N4.O1,L1.C1.N4.O1,L1.C1.N4.O1,L1.C1.N4.O1
L1.C1.N1.O1,L1.C1.N1.O1,L1.C1.N1.O1,L1.C1.N1.O1,L1.C1.N1.O1,L1.C1.N1.O1,L1.C1.N1.O1,L1.C1.N1.O1,L1.C1.N1.O1,L1.C1.N1.O1,L1.C1.N1.O1,L1.C1.N1.O1,L1.C1.N2.O1,L1.C1.N2.O1,L1.C1.N2.O1,L1.C1.N2.O1,L1.C1.N2.O1,L1.C1.N2.O1,L1.C1.N2.O1,L1.C1.N2.O1,L1.C1.N2.O1,L1.C1.N2.O1,L1.C1.N2.O1,L1.C1.N2.O1,L1.C1.N3.O1,L1.C1.N3.O1,L1.C1.N3.O1,L1.C1.N3.O1,L1.C1.N3.O1,L1.C1.N3.O1,L1.C1.N3.O1,L1.C1.N3.O1,L1.C1.N3.O1,L1.C1.N3.O1,L1.C1.N3.O1,L1.C1.N3.O1,L1.C1.N4.O1,L1.C1.N4.O1,L1.C1.N4.O1,L1.C1.N4.O1,L1.C1.N4.O1,L1.C1.N4.O1,L1.C1.N4.O1,L1.C1.N4.O1,L1.C1.N4.O1,L1.C1.N4.O1,L1.C1.N4.O1,L1.C1.N4.O1
L1.C1.N1.O1,L1.C1.N1.O1,L1.C1.N1.O1,L1.C1.N1.O1,L1.C1.N1.O1,L1.C1.N1.O1,L1.C1.N1.O1,L1.C1.N1.O1,L1.C1.N1.O1,L1.C1.N1.O1,L1.C1.N1.O1,L1.C1.N1.O1,L1.C1.N2.O1,L1.C1.N2.O1,L1.C1.N2.O1,L1.C1.N2.O1,L1.C1.N2.O1,L1.C1.N2.O1,L1.C1.N2.O1,L1.C1.N2.O1,L1.C1.N2.O1,L1.C1.N2.O1,L1.C1.N2.O1,L1.C1.N2.O1,L1.C1.N3.O1,L1.C1.N3.O1,L1.C1.N3.O1,L1.C1.N3.O1,L1.C1.N3.O1,L1.C1.N3.O1,L1.C1.N3.O1,L1.C1.N3.O1,L1.C1.N3.O1,L1.C1.N3.O1,L1.C1.N3.O1,L1.C1.N3.O1,L1.C1.N4.O1,L1.C1.N4.O1,L1.C1.N4.O1,L1.C1.N4.O1,L1.C1.N4.O1,L1.C1.N4.O1,L1.C1.N4.O1,L1.C1.N4.O1,L1.C1.N4.O1,L1.C1.N4.O1,L1.C1.N4.O1,L1.C1.N4.O1
L1.C1.N1.O1,L1.C1.N1.O1,L1.C1.N1.O1,L1.C1.N1.O1,L1.C1.N1.O1,L1.C1.N1.O1,L1.C1.N1.O1,L1.C1.N1.O1,L1.C1.N1.O1,L1.C1.N1.O1,L1.C1.N1.O1,L1.C1.N1.O1,L1.C1.N2.O1,L1.C1.N2.O1,L1.C1.N2.O1,L1.C1.N2.O1,L1.C1.N2.O1,L1.C1.N2.O1,L1.C1.N2.O1,L1.C1.N2.O1,L1.C1.N2.O1,L1.C1.N2.O1,L1.C1.N2.O1,L1.C1.N2.O1,L1.C1.N3.O1,L1.C1.N3.O1,L1.C1.N3.O1,L1.C1.N3.O1,L1.C1.N3.O1,L1.C1.N3.O1,L1.C1.N3.O1,L1.C1.N3.O1,L1.C1.N3.O1,L1.C1.N3.O1,L1.C1.N3.O1,L1.C1.N3.O1,L1.C1.N4.O1,L1.C1.N4.O1,L1.C1.N4.O1,L1.C1.N4.O1,L1.C1.N4.O1,L1.C1.N4.O1,L1.C1.N4.O1,L1.C1.N4.O1,L1.C1.N4.O1,L1.C1.N4.O1,L1.C1.N4.O1,L1.C1.N4.O1
L1.C1.N1.O1,L1.C1.N1.O1,L1.C1.N1.O1,L1.C1.N1.O1,L1.C1.N1.O1,L1.C1.N1.O1,L1.C1.N1.O1,L1.C1.N1.O1,L1.C1.N1.O1,L1.C1.N1.O1,L1.C1.N1.O1,L1.C1.N1.O1,L1.C1.N2.O1,L1.C1.N2.O1,L1.C1.N2.O1,L1.C1.N2.O1,L1.C1.N2.O1,L1.C1.N2.O1,L1.C1.N2.O1,L1.C1.N2.O1,L1.C1.N2.O1,L1.C1.N2.O1,L1.C1.N2.O1,L1.C1.N2.O1,L1.C1.N3.O1,L1.C1.N3.O1,L1.C1.N3.O1,L1.C1.N3.O1,L1.C1.N3.O1,L1.C1.N3.O1,L1.C1.N3.O1,L1.C1.N3.O1,L1.C1.N3.O1,L1.C1.N3.O1,L1.C1.N3.O1,L1.C1.N3.O1,L1.C1.N4.O1,L1.C1.N4.O1,L1.C1.N4.O1,L1.C1.N4.O1,L1.C1.N4.O1,L1.C1.N4.O1,L1.C1.N4.O1,L1.C1.N4.O1,L1.C1.N4.O1,L1.C1.N4.O1,L1.C1.N4.O1,L1.C1.N4.O1
L1.C1.N1.O1,L1.C1.N1.O1,L1.C1.N1.O1,L1.C1.N1.O1,L1.C1.N1.O1,L1.C1.N1.O1,L1.C1.N1.O1,L1.C1.N1.O1,L1.C1.N1.O1,L1.C1.N1.O1,L1.C1.N1.O1,L1.C1.N1.O1,L1.C1.N2.O1,L1.C1.N2.O1,L1.C1.N2.O1,L1.C1.N2.O1,L1.C1.N2.O1,L1.C1.N2.O1,L1.C1.N2.O1,L1.C1.N2.O1,L1.C1.N2.O1,L1.C1.N2.O1,L1.C1.N2.O1,L1.C1.N2.O1,L1.C1.N3.O1,L1.C1.N3.O1,L1.C1.N3.O1,L1.C1.N3.O1,L1.C1.N3.O1,L1.C1.N3.O1,L1.C1.N3.O1,L1.C1.N3.O1,L1.C1.N3.O1,L1.C1.N3.O1,L1.C1.N3.O1,L1.C1.N3.O1,L1.C1.N4.O1,L1.C1.N4.O1,L1.C1.N4.O1,L1.C1.N4.O1,L1.C1.N4.O1,L1.C1.N4.O1,L1.C1.N4.O1,L1.C1.N4.O1,L1.C1.N4.O1,L1.C1.N4.O1,L1.C1.N4.O1,L1.C1.N4.O1
L1.C1.N1.O1,L1.C1.N1.O1,L1.C1.N1.O1,L1.C1.N1.O1,L1.C1.N1.O1,L1.C1.N1.O1,L1.C1.N1.O1,L1.C1.N1.O1,L1.C1.N1.O1,L1.C1.N1.O1,L1.C1.N1.O1,L1.C1.N1.O1,L1.C1.N2.O1,L1.C1.N2.O1,L1.C1.N2.O1,L1.C1.N2.O1,L1.C1.N2.O1,L1.C1.N2.O1,L1.C1.N2.O1,L1.C1.N2.O1,L1.C1.N2.O1,L1.C1.N2.O1,L1.C1.N2.O1,L1.C1.N2.O1,L1.C1.N3.O1,L1.C1.N3.O1,L1.C1.N3.O1,L1.C1.N3.O1,L1.C1.N3.O1,L1.C1.N3.O1,L1.C1.N3.O1,L1.C1.N3.O1,L1.C1.N3.O1,L1.C1.N3.O1,L1.C1.N3.O1,L1.C1.N3.O1,L1.C1.N4.O1,L1.C1.N4.O1,L1.C1.N4.O1,L1.C1.N4.O1,L1.C1.N4.O1,L1.C1.N4.O1,L1.C1.N4.O1,L1.C1.N4.O1,L1.C1.N4.O1,L1.C1.N4.O1,L1.C1.N4.O1,L1.C1.N4.O1
L1.C1.N1.O1,L1.C1.N1.O1,L1.C1.N1.O1,L1.C1.N1.O1,L1.C1.N1.O1,L1.C1.N1.O1,L1.C1.N1.O1,L1.C1.N1.O1,L1.C1.N1.O1,L1.C1.N1.O1,L1.C1.N1.O1,L1.C1.N1.O1,L1.C1.N2.O1,L1.C1.N2.O1,L1.C1.N2.O1,L1.C1.N2.O1,L1.C1.N2.O1,L1.C1.N2.O1,L1.C1.N2.O1,L1.C1.N2.O1,L1.C1.N2.O1,L1.C1.N2.O1,L1.C1.N2.O1,L1.C1.N2.O1,L1.C1.N3.O1,L1.C1.N3.O1,L1.C1.N3.O1,L1.C1.N3.O1,L1.C1.N3.O1,L1.C1.N3.O1,L1.C1.N3.O1,L1.C1.N3.O1,L1.C1.N3.O1,L1.C1.N3.O1,L1.C1.N3.O1,L1.C1.N3.O1,L1.C1.N4.O1,L1.C1.N4.O1,L1.C1.N4.O1,L1.C1.N4.O1,L1.C1.N4.O1,L1.C1.N4.O1,L1.C1.N4.O1,L1.C1.N4.O1,L1.C1.N4.O1,L1.C1.N4.O1,L1.C1.N4.O1,L1.C1.N4.O1
L1.C1.N1.O1,L1.C1.N1.O1,L1.C1.N1.O1,L1.C1.N1.O1,L1.C1.N1.O1,L1.C1.N1.O1,L1.C1.N1.O1,L1.C1.N1.O1,L1.C1.N1.O1,L1.C1.N1.O1,L1.C1.N1.O1,L1.C1.N1.O1,L1.C1.N2.O1,L1.C1.N2.O1,L1.C1.N2.O1,L1.C1.N2.O1,L1.C1.N2.O1,L1.C1.N2.O1,L1.C1.N2.O1,L1.C1.N2.O1,L1.C1.N2.O1,L1.C1.N2.O1,L1.C1.N2.O1,L1.C1.N2.O1,L1.C1.N3.O1,L1.C1.N3.O1,L1.C1.N3.O1,L1.C1.N3.O1,L1.C1.N3.O1,L1.C1.N3.O1,L1.C1.N3.O1,L1.C1.N3.O1,L1.C1.N3.O1,L1.C1.N3.O1,L1.C1.N3.O1,L1.C1.N3.O1,L1.C1.N4.O1,L1.C1.N4.O1,L1.C1.N4.O1,L1.C1.N4.O1,L1.C1.N4.O1,L1.C1.N4.O1,L1.C1.N4.O1,L1.C1.N4.O1,L1.C1.N4.O1,L1.C1.N4.O1,L1.C1.N4.O1,L1.C1.N4.O1
L1.C1.N1.O1,L1.C1.N1.O1,L1.C1.N1.O1,L1.C1.N1.O1,L1.C1.N1.O1,L1.C1.N1.O1,L1.C1.N1.O1,L1.C1.N1.O1,L1.C1.N1.O1,L1.C1.N1.O1,L1.C1.N1.O1,L1.C1.N1.O1,L1.C1.N2.O1,L1.C1.N2.O1,L1.C1.N2.O1,L1.C1.N2.O1,L1.C1.N2.O1,L1.C1.N2.O1,L1.C1.N2.O1,L1.C1.N2.O1,L1.C1.N2.O1,L1.C1.N2.O1,L1.C1.N2.O1,L1.C1.N2.O1,L1.C1.N3.O1,L1.C1.N3.O1,L1.C1.N3.O1,L1.C1.N3.O1,L1.C1.N3.O1,L1.C1.N3.O1,L1.C1.N3.O1,L1.C1.N3.O1,L1.C1.N3.O1,L1.C1.N3.O1,L1.C1.N3.O1,L1.C1.N3.O1,L1.C1.N4.O1,L1.C1.N4.O1,L1.C1.N4.O1,L1.C1.N4.O1,L1.C1.N4.O1,L1.C1.N4.O1,L1.C1.N4.O1,L1.C1.N4.O1,L1.C1.N4.O1,L1.C1.N4.O1,L1.C1.N4.O1,L1.C1.N4.O1
,,,,,,,,,,,,,,,,,,,,,,,,,,,,,,,,,,,,,,,,,,,,,,,
Source Plate 1 Volumes (nL) - including dead volume,,,,,,,,,,,,,,,,,,,,,,,,,,,,,,,,,,,,,,,,,,,,,,,
,,,,,,,,,,,,,,,,,,,,,,,,,,,,,,,,,,,,,,,,,,,,,,,
24015,24015,6015,6015,6015,6015,24015,,,,,,,,,,,,,,,,,,,,,,,,,,,,,,,,,,,,,,,,,
,,,,,,,,,,,,,,,,,,,,,,,,,,,,,,,,,,,,,,,,,,,,,,,
Worklist,,,,,,,,,,,,,,,,,,,,,,,,,,,,,,,,,,,,,,,,,,,,,,,
[VAR1]Volume,250,,,,,,,,,,,,,,,,,,,,,,,,,,,,,,,,,,,,,,,,,,,,,,
MULTI_ASPIRATE,1,1,1,250,,,,,,,,,,,,,,,,,,,,,,,,,,,,,,,,,,,,,,,,,,,
MULTI_ASPIRATE,1,2,1,250,,,,,,,,,,,,,,,,,,,,,,,,,,,,,,,,,,,,,,,,,,,
MULTI_ASPIRATE,1,3,1,250,,,,,,,,,,,,,,,,,,,,,,,,,,,,,,,,,,,,,,,,,,,
COPY,1,7,7,1,2,1,1,250,always,,,,,,,,,,,,,,,,,,,,,,,,,,,,,,,,,,,,,,
MULTI_ASPIRATE,1,1,1,250,,,,,,,,,,,,,,,,,,,,,,,,,,,,,,,,,,,,,,,,,,,
MULTI_ASPIRATE,1,2,1,250,,,,,,,,,,,,,,,,,,,,,,,,,,,,,,,,,,,,,,,,,,,
MULTI_ASPIRATE,1,3,1,250,,,,,,,,,,,,,,,,,,,,,,,,,,,,,,,,,,,,,,,,,,,
COPY,1,7,7,1,2,1,2,250,always,,,,,,,,,,,,,,,,,,,,,,,,,,,,,,,,,,,,,,
MULTI_ASPIRATE,1,1,1,250,,,,,,,,,,,,,,,,,,,,,,,,,,,,,,,,,,,,,,,,,,,
MULTI_ASPIRATE,1,2,1,250,,,,,,,,,,,,,,,,,,,,,,,,,,,,,,,,,,,,,,,,,,,
MULTI_ASPIRATE,1,3,1,250,,,,,,,,,,,,,,,,,,,,,,,,,,,,,,,,,,,,,,,,,,,
COPY,1,7,7,1,2,2,1,250,always,,,,,,,,,,,,,,,,,,,,,,,,,,,,,,,,,,,,,,
MULTI_ASPIRATE,1,1,1,250,,,,,,,,,,,,,,,,,,,,,,,,,,,,,,,,,,,,,,,,,,,
MULTI_ASPIRATE,1,2,1,250,,,,,,,,,,,,,,,,,,,,,,,,,,,,,,,,,,,,,,,,,,,
MULTI_ASPIRATE,1,3,1,250,,,,,,,,,,,,,,,,,,,,,,,,,,,,,,,,,,,,,,,,,,,
COPY,1,7,7,1,2,2,2,250,always,,,,,,,,,,,,,,,,,,,,,,,,,,,,,,,,,,,,,,
MULTI_ASPIRATE,1,1,1,250,,,,,,,,,,,,,,,,,,,,,,,,,,,,,,,,,,,,,,,,,,,
MULTI_ASPIRATE,1,2,1,250,,,,,,,,,,,,,,,,,,,,,,,,,,,,,,,,,,,,,,,,,,,
MULTI_ASPIRATE,1,3,1,250,,,,,,,,,,,,,,,,,,,,,,,,,,,,,,,,,,,,,,,,,,,
COPY,1,7,7,1,2,3,1,250,always,,,,,,,,,,,,,,,,,,,,,,,,,,,,,,,,,,,,,,
MULTI_ASPIRATE,1,1,1,250,,,,,,,,,,,,,,,,,,,,,,,,,,,,,,,,,,,,,,,,,,,
MULTI_ASPIRATE,1,2,1,250,,,,,,,,,,,,,,,,,,,,,,,,,,,,,,,,,,,,,,,,,,,
MULTI_ASPIRATE,1,3,1,250,,,,,,,,,,,,,,,,,,,,,,,,,,,,,,,,,,,,,,,,,,,
COPY,1,7,7,1,2,3,2,250,always,,,,,,,,,,,,,,,,,,,,,,,,,,,,,,,,,,,,,,
MULTI_ASPIRATE,1,1,1,250,,,,,,,,,,,,,,,,,,,,,,,,,,,,,,,,,,,,,,,,,,,
MULTI_ASPIRATE,1,2,1,250,,,,,,,,,,,,,,,,,,,,,,,,,,,,,,,,,,,,,,,,,,,
MULTI_ASPIRATE,1,3,1,250,,,,,,,,,,,,,,,,,,,,,,,,,,,,,,,,,,,,,,,,,,,
COPY,1,7,7,1,2,4,1,250,always,,,,,,,,,,,,,,,,,,,,,,,,,,,,,,,,,,,,,,
MULTI_ASPIRATE,1,1,1,250,,,,,,,,,,,,,,,,,,,,,,,,,,,,,,,,,,,,,,,,,,,
MULTI_ASPIRATE,1,2,1,250,,,,,,,,,,,,,,,,,,,,,,,,,,,,,,,,,,,,,,,,,,,
MULTI_ASPIRATE,1,3,1,250,,,,,,,,,,,,,,,,,,,,,,,,,,,,,,,,,,,,,,,,,,,
COPY,1,7,7,1,2,4,2,250,always,,,,,,,,,,,,,,,,,,,,,,,,,,,,,,,,,,,,,,
MULTI_ASPIRATE,1,1,1,250,,,,,,,,,,,,,,,,,,,,,,,,,,,,,,,,,,,,,,,,,,,
MULTI_ASPIRATE,1,2,1,250,,,,,,,,,,,,,,,,,,,,,,,,,,,,,,,,,,,,,,,,,,,
MULTI_ASPIRATE,1,3,1,250,,,,,,,,,,,,,,,,,,,,,,,,,,,,,,,,,,,,,,,,,,,
COPY,1,7,7,1,2,5,1,250,always,,,,,,,,,,,,,,,,,,,,,,,,,,,,,,,,,,,,,,
MULTI_ASPIRATE,1,1,1,250,,,,,,,,,,,,,,,,,,,,,,,,,,,,,,,,,,,,,,,,,,,
MULTI_ASPIRATE,1,2,1,250,,,,,,,,,,,,,,,,,,,,,,,,,,,,,,,,,,,,,,,,,,,
MULTI_ASPIRATE,1,3,1,250,,,,,,,,,,,,,,,,,,,,,,,,,,,,,,,,,,,,,,,,,,,
COPY,1,7,7,1,2,5,2,250,always,,,,,,,,,,,,,,,,,,,,,,,,,,,,,,,,,,,,,,
MULTI_ASPIRATE,1,1,1,250,,,,,,,,,,,,,,,,,,,,,,,,,,,,,,,,,,,,,,,,,,,
MULTI_ASPIRATE,1,2,1,250,,,,,,,,,,,,,,,,,,,,,,,,,,,,,,,,,,,,,,,,,,,
MULTI_ASPIRATE,1,3,1,250,,,,,,,,,,,,,,,,,,,,,,,,,,,,,,,,,,,,,,,,,,,
COPY,1,7,7,1,2,6,1,250,always,,,,,,,,,,,,,,,,,,,,,,,,,,,,,,,,,,,,,,
MULTI_ASPIRATE,1,1,1,250,,,,,,,,,,,,,,,,,,,,,,,,,,,,,,,,,,,,,,,,,,,
MULTI_ASPIRATE,1,2,1,250,,,,,,,,,,,,,,,,,,,,,,,,,,,,,,,,,,,,,,,,,,,
MULTI_ASPIRATE,1,3,1,250,,,,,,,,,,,,,,,,,,,,,,,,,,,,,,,,,,,,,,,,,,,
COPY,1,7,7,1,2,6,2,250,always,,,,,,,,,,,,,,,,,,,,,,,,,,,,,,,,,,,,,,
MULTI_ASPIRATE,1,1,1,250,,,,,,,,,,,,,,,,,,,,,,,,,,,,,,,,,,,,,,,,,,,
MULTI_ASPIRATE,1,2,1,250,,,,,,,,,,,,,,,,,,,,,,,,,,,,,,,,,,,,,,,,,,,
MULTI_ASPIRATE,1,3,1,250,,,,,,,,,,,,,,,,,,,,,,,,,,,,,,,,,,,,,,,,,,,
COPY,1,7,7,1,2,7,1,250,always,,,,,,,,,,,,,,,,,,,,,,,,,,,,,,,,,,,,,,
MULTI_ASPIRATE,1,1,1,250,,,,,,,,,,,,,,,,,,,,,,,,,,,,,,,,,,,,,,,,,,,
MULTI_ASPIRATE,1,2,1,250,,,,,,,,,,,,,,,,,,,,,,,,,,,,,,,,,,,,,,,,,,,
MULTI_ASPIRATE,1,3,1,250,,,,,,,,,,,,,,,,,,,,,,,,,,,,,,,,,,,,,,,,,,,
COPY,1,7,7,1,2,7,2,250,always,,,,,,,,,,,,,,,,,,,,,,,,,,,,,,,,,,,,,,
MULTI_ASPIRATE,1,16,1,195,,,,,,,,,,,,,,,,,,,,,,,,,,,,,,,,,,,,,,,,,,,
MULTI_ASPIRATE,1,8,1,5,,,,,,,,,,,,,,,,,,,,,,,,,,,,,,,,,,,,,,,,,,,
MULTI_ASPIRATE,1,1,1,250,,,,,,,,,,,,,,,,,,,,,,,,,,,,,,,,,,,,,,,,,,,
MULTI_ASPIRATE,1,2,1,250,,,,,,,,,,,,,,,,,,,,,,,,,,,,,,,,,,,,,,,,,,,
MULTI_ASPIRATE,1,3,1,250,,,,,,,,,,,,,,,,,,,,,,,,,,,,,,,,,,,,,,,,,,,
COPY,1,7,7,1,2,8,1,250,always,,,,,,,,,,,,,,,,,,,,,,,,,,,,,,,,,,,,,,
MULTI_ASPIRATE,1,17,1,195,,,,,,,,,,,,,,,,,,,,,,,,,,,,,,,,,,,,,,,,,,,
MULTI_ASPIRATE,1,8,1,5,,,,,,,,,,,,,,,,,,,,,,,,,,,,,,,,,,,,,,,,,,,
MULTI_ASPIRATE,1,1,1,250,,,,,,,,,,,,,,,,,,,,,,,,,,,,,,,,,,,,,,,,,,,
MULTI_ASPIRATE,1,2,1,250,,,,,,,,,,,,,,,,,,,,,,,,,,,,,,,,,,,,,,,,,,,
MULTI_ASPIRATE,1,3,1,250,,,,,,,,,,,,,,,,,,,,,,,,,,,,,,,,,,,,,,,,,,,
COPY,1,7,7,1,2,8,2,250,always,,,,,,,,,,,,,,,,,,,,,,,,,,,,,,,,,,,,,,
MULTI_ASPIRATE,1,18,1,195,,,,,,,,,,,,,,,,,,,,,,,,,,,,,,,,,,,,,,,,,,,
MULTI_ASPIRATE,1,8,1,5,,,,,,,,,,,,,,,,,,,,,,,,,,,,,,,,,,,,,,,,,,,
MULTI_ASPIRATE,1,1,1,250,,,,,,,,,,,,,,,,,,,,,,,,,,,,,,,,,,,,,,,,,,,
MULTI_ASPIRATE,1,2,1,250,,,,,,,,,,,,,,,,,,,,,,,,,,,,,,,,,,,,,,,,,,,
MULTI_ASPIRATE,1,3,1,250,,,,,,,,,,,,,,,,,,,,,,,,,,,,,,,,,,,,,,,,,,,
COPY,1,7,7,1,2,9,1,250,always,,,,,,,,,,,,,,,,,,,,,,,,,,,,,,,,,,,,,,
MULTI_ASPIRATE,1,19,1,195,,,,,,,,,,,,,,,,,,,,,,,,,,,,,,,,,,,,,,,,,,,
MULTI_ASPIRATE,1,8,1,5,,,,,,,,,,,,,,,,,,,,,,,,,,,,,,,,,,,,,,,,,,,
MULTI_ASPIRATE,1,1,1,250,,,,,,,,,,,,,,,,,,,,,,,,,,,,,,,,,,,,,,,,,,,
MULTI_ASPIRATE,1,2,1,250,,,,,,,,,,,,,,,,,,,,,,,,,,,,,,,,,,,,,,,,,,,
MULTI_ASPIRATE,1,3,1,250,,,,,,,,,,,,,,,,,,,,,,,,,,,,,,,,,,,,,,,,,,,
COPY,1,7,7,1,2,9,2,250,always,,,,,,,,,,,,,,,,,,,,,,,,,,,,,,,,,,,,,,
MULTI_ASPIRATE,1,20,1,195,,,,,,,,,,,,,,,,,,,,,,,,,,,,,,,,,,,,,,,,,,,
MULTI_ASPIRATE,1,8,1,5,,,,,,,,,,,,,,,,,,,,,,,,,,,,,,,,,,,,,,,,,,,
MULTI_ASPIRATE,1,1,1,250,,,,,,,,,,,,,,,,,,,,,,,,,,,,,,,,,,,,,,,,,,,
MULTI_ASPIRATE,1,2,1,250,,,,,,,,,,,,,,,,,,,,,,,,,,,,,,,,,,,,,,,,,,,
MULTI_ASPIRATE,1,3,1,250,,,,,,,,,,,,,,,,,,,,,,,,,,,,,,,,,,,,,,,,,,,
COPY,1,7,7,1,2,10,1,250,always,,,,,,,,,,,,,,,,,,,,,,,,,,,,,,,,,,,,,,
MULTI_ASPIRATE,1,21,1,195,,,,,,,,,,,,,,,,,,,,,,,,,,,,,,,,,,,,,,,,,,,
MULTI_ASPIRATE,1,8,1,5,,,,,,,,,,,,,,,,,,,,,,,,,,,,,,,,,,,,,,,,,,,
MULTI_ASPIRATE,1,1,1,250,,,,,,,,,,,,,,,,,,,,,,,,,,,,,,,,,,,,,,,,,,,
MULTI_ASPIRATE,1,2,1,250,,,,,,,,,,,,,,,,,,,,,,,,,,,,,,,,,,,,,,,,,,,
MULTI_ASPIRATE,1,3,1,250,,,,,,,,,,,,,,,,,,,,,,,,,,,,,,,,,,,,,,,,,,,
COPY,1,7,7,1,2,10,2,250,always,,,,,,,,,,,,,,,,,,,,,,,,,,,,,,,,,,,,,,
MULTI_ASPIRATE,1,1,1,250,,,,,,,,,,,,,,,,,,,,,,,,,,,,,,,,,,,,,,,,,,,
MULTI_ASPIRATE,1,2,1,250,,,,,,,,,,,,,,,,,,,,,,,,,,,,,,,,,,,,,,,,,,,
MULTI_ASPIRATE,1,3,1,250,,,,,,,,,,,,,,,,,,,,,,,,,,,,,,,,,,,,,,,,,,,
COPY,1,7,7,1,2,11,1,250,always,,,,,,,,,,,,,,,,,,,,,,,,,,,,,,,,,,,,,,
MULTI_ASPIRATE,1,1,1,250,,,,,,,,,,,,,,,,,,,,,,,,,,,,,,,,,,,,,,,,,,,
MULTI_ASPIRATE,1,2,1,250,,,,,,,,,,,,,,,,,,,,,,,,,,,,,,,,,,,,,,,,,,,
MULTI_ASPIRATE,1,3,1,250,,,,,,,,,,,,,,,,,,,,,,,,,,,,,,,,,,,,,,,,,,,
COPY,1,7,7,1,2,11,2,250,always,,,,,,,,,,,,,,,,,,,,,,,,,,,,,,,,,,,,,,
MULTI_ASPIRATE,1,1,1,250,,,,,,,,,,,,,,,,,,,,,,,,,,,,,,,,,,,,,,,,,,,
MULTI_ASPIRATE,1,2,1,250,,,,,,,,,,,,,,,,,,,,,,,,,,,,,,,,,,,,,,,,,,,
MULTI_ASPIRATE,1,3,1,250,,,,,,,,,,,,,,,,,,,,,,,,,,,,,,,,,,,,,,,,,,,
COPY,1,7,7,1,2,12,1,250,always,,,,,,,,,,,,,,,,,,,,,,,,,,,,,,,,,,,,,,
MULTI_ASPIRATE,1,1,1,250,,,,,,,,,,,,,,,,,,,,,,,,,,,,,,,,,,,,,,,,,,,
MULTI_ASPIRATE,1,2,1,250,,,,,,,,,,,,,,,,,,,,,,,,,,,,,,,,,,,,,,,,,,,
MULTI_ASPIRATE,1,3,1,250,,,,,,,,,,,,,,,,,,,,,,,,,,,,,,,,,,,,,,,,,,,
COPY,1,7,7,1,2,12,2,250,always,,,,,,,,,,,,,,,,,,,,,,,,,,,,,,,,,,,,,,
MULTI_ASPIRATE,1,1,1,250,,,,,,,,,,,,,,,,,,,,,,,,,,,,,,,,,,,,,,,,,,,
MULTI_ASPIRATE,1,2,1,250,,,,,,,,,,,,,,,,,,,,,,,,,,,,,,,,,,,,,,,,,,,
MULTI_ASPIRATE,1,4,1,250,,,,,,,,,,,,,,,,,,,,,,,,,,,,,,,,,,,,,,,,,,,
COPY,1,7,7,1,2,13,1,250,always,,,,,,,,,,,,,,,,,,,,,,,,,,,,,,,,,,,,,,
MULTI_ASPIRATE,1,1,1,250,,,,,,,,,,,,,,,,,,,,,,,,,,,,,,,,,,,,,,,,,,,
MULTI_ASPIRATE,1,2,1,250,,,,,,,,,,,,,,,,,,,,,,,,,,,,,,,,,,,,,,,,,,,
MULTI_ASPIRATE,1,4,1,250,,,,,,,,,,,,,,,,,,,,,,,,,,,,,,,,,,,,,,,,,,,
COPY,1,7,7,1,2,13,2,250,always,,,,,,,,,,,,,,,,,,,,,,,,,,,,,,,,,,,,,,
MULTI_ASPIRATE,1,1,1,250,,,,,,,,,,,,,,,,,,,,,,,,,,,,,,,,,,,,,,,,,,,
MULTI_ASPIRATE,1,2,1,250,,,,,,,,,,,,,,,,,,,,,,,,,,,,,,,,,,,,,,,,,,,
MULTI_ASPIRATE,1,4,1,250,,,,,,,,,,,,,,,,,,,,,,,,,,,,,,,,,,,,,,,,,,,
COPY,1,7,7,1,2,14,1,250,always,,,,,,,,,,,,,,,,,,,,,,,,,,,,,,,,,,,,,,
MULTI_ASPIRATE,1,1,1,250,,,,,,,,,,,,,,,,,,,,,,,,,,,,,,,,,,,,,,,,,,,
MULTI_ASPIRATE,1,2,1,250,,,,,,,,,,,,,,,,,,,,,,,,,,,,,,,,,,,,,,,,,,,
MULTI_ASPIRATE,1,4,1,250,,,,,,,,,,,,,,,,,,,,,,,,,,,,,,,,,,,,,,,,,,,
COPY,1,7,7,1,2,14,2,250,always,,,,,,,,,,,,,,,,,,,,,,,,,,,,,,,,,,,,,,
MULTI_ASPIRATE,1,1,1,250,,,,,,,,,,,,,,,,,,,,,,,,,,,,,,,,,,,,,,,,,,,
MULTI_ASPIRATE,1,2,1,250,,,,,,,,,,,,,,,,,,,,,,,,,,,,,,,,,,,,,,,,,,,
MULTI_ASPIRATE,1,4,1,250,,,,,,,,,,,,,,,,,,,,,,,,,,,,,,,,,,,,,,,,,,,
COPY,1,7,7,1,2,15,1,250,always,,,,,,,,,,,,,,,,,,,,,,,,,,,,,,,,,,,,,,
MULTI_ASPIRATE,1,1,1,250,,,,,,,,,,,,,,,,,,,,,,,,,,,,,,,,,,,,,,,,,,,
MULTI_ASPIRATE,1,2,1,250,,,,,,,,,,,,,,,,,,,,,,,,,,,,,,,,,,,,,,,,,,,
MULTI_ASPIRATE,1,4,1,250,,,,,,,,,,,,,,,,,,,,,,,,,,,,,,,,,,,,,,,,,,,
COPY,1,7,7,1,2,15,2,250,always,,,,,,,,,,,,,,,,,,,,,,,,,,,,,,,,,,,,,,
MULTI_ASPIRATE,1,1,1,250,,,,,,,,,,,,,,,,,,,,,,,,,,,,,,,,,,,,,,,,,,,
MULTI_ASPIRATE,1,2,1,250,,,,,,,,,,,,,,,,,,,,,,,,,,,,,,,,,,,,,,,,,,,
MULTI_ASPIRATE,1,4,1,250,,,,,,,,,,,,,,,,,,,,,,,,,,,,,,,,,,,,,,,,,,,
COPY,1,7,7,1,2,16,1,250,always,,,,,,,,,,,,,,,,,,,,,,,,,,,,,,,,,,,,,,
MULTI_ASPIRATE,1,1,1,250,,,,,,,,,,,,,,,,,,,,,,,,,,,,,,,,,,,,,,,,,,,
MULTI_ASPIRATE,1,2,1,250,,,,,,,,,,,,,,,,,,,,,,,,,,,,,,,,,,,,,,,,,,,
MULTI_ASPIRATE,1,4,1,250,,,,,,,,,,,,,,,,,,,,,,,,,,,,,,,,,,,,,,,,,,,
COPY,1,7,7,1,2,16,2,250,always,,,,,,,,,,,,,,,,,,,,,,,,,,,,,,,,,,,,,,
MULTI_ASPIRATE,1,1,1,250,,,,,,,,,,,,,,,,,,,,,,,,,,,,,,,,,,,,,,,,,,,
MULTI_ASPIRATE,1,2,1,250,,,,,,,,,,,,,,,,,,,,,,,,,,,,,,,,,,,,,,,,,,,
MULTI_ASPIRATE,1,4,1,250,,,,,,,,,,,,,,,,,,,,,,,,,,,,,,,,,,,,,,,,,,,
COPY,1,7,7,1,2,17,1,250,always,,,,,,,,,,,,,,,,,,,,,,,,,,,,,,,,,,,,,,
MULTI_ASPIRATE,1,1,1,250,,,,,,,,,,,,,,,,,,,,,,,,,,,,,,,,,,,,,,,,,,,
MULTI_ASPIRATE,1,2,1,250,,,,,,,,,,,,,,,,,,,,,,,,,,,,,,,,,,,,,,,,,,,
MULTI_ASPIRATE,1,4,1,250,,,,,,,,,,,,,,,,,,,,,,,,,,,,,,,,,,,,,,,,,,,
COPY,1,7,7,1,2,17,2,250,always,,,,,,,,,,,,,,,,,,,,,,,,,,,,,,,,,,,,,,
MULTI_ASPIRATE,1,1,1,250,,,,,,,,,,,,,,,,,,,,,,,,,,,,,,,,,,,,,,,,,,,
MULTI_ASPIRATE,1,2,1,250,,,,,,,,,,,,,,,,,,,,,,,,,,,,,,,,,,,,,,,,,,,
MULTI_ASPIRATE,1,4,1,250,,,,,,,,,,,,,,,,,,,,,,,,,,,,,,,,,,,,,,,,,,,
COPY,1,7,7,1,2,18,1,250,always,,,,,,,,,,,,,,,,,,,,,,,,,,,,,,,,,,,,,,
MULTI_ASPIRATE,1,1,1,250,,,,,,,,,,,,,,,,,,,,,,,,,,,,,,,,,,,,,,,,,,,
MULTI_ASPIRATE,1,2,1,250,,,,,,,,,,,,,,,,,,,,,,,,,,,,,,,,,,,,,,,,,,,
MULTI_ASPIRATE,1,4,1,250,,,,,,,,,,,,,,,,,,,,,,,,,,,,,,,,,,,,,,,,,,,
COPY,1,7,7,1,2,18,2,250,always,,,,,,,,,,,,,,,,,,,,,,,,,,,,,,,,,,,,,,
MULTI_ASPIRATE,1,1,1,250,,,,,,,,,,,,,,,,,,,,,,,,,,,,,,,,,,,,,,,,,,,
MULTI_ASPIRATE,1,2,1,250,,,,,,,,,,,,,,,,,,,,,,,,,,,,,,,,,,,,,,,,,,,
MULTI_ASPIRATE,1,4,1,250,,,,,,,,,,,,,,,,,,,,,,,,,,,,,,,,,,,,,,,,,,,
COPY,1,7,7,1,2,19,1,250,always,,,,,,,,,,,,,,,,,,,,,,,,,,,,,,,,,,,,,,
MULTI_ASPIRATE,1,1,1,250,,,,,,,,,,,,,,,,,,,,,,,,,,,,,,,,,,,,,,,,,,,
MULTI_ASPIRATE,1,2,1,250,,,,,,,,,,,,,,,,,,,,,,,,,,,,,,,,,,,,,,,,,,,
MULTI_ASPIRATE,1,4,1,250,,,,,,,,,,,,,,,,,,,,,,,,,,,,,,,,,,,,,,,,,,,
COPY,1,7,7,1,2,19,2,250,always,,,,,,,,,,,,,,,,,,,,,,,,,,,,,,,,,,,,,,
MULTI_ASPIRATE,1,16,1,195,,,,,,,,,,,,,,,,,,,,,,,,,,,,,,,,,,,,,,,,,,,
MULTI_ASPIRATE,1,8,1,5,,,,,,,,,,,,,,,,,,,,,,,,,,,,,,,,,,,,,,,,,,,
MULTI_ASPIRATE,1,1,1,250,,,,,,,,,,,,,,,,,,,,,,,,,,,,,,,,,,,,,,,,,,,
MULTI_ASPIRATE,1,2,1,250,,,,,,,,,,,,,,,,,,,,,,,,,,,,,,,,,,,,,,,,,,,
MULTI_ASPIRATE,1,4,1,250,,,,,,,,,,,,,,,,,,,,,,,,,,,,,,,,,,,,,,,,,,,
COPY,1,7,7,1,2,20,1,250,always,,,,,,,,,,,,,,,,,,,,,,,,,,,,,,,,,,,,,,
MULTI_ASPIRATE,1,17,1,195,,,,,,,,,,,,,,,,,,,,,,,,,,,,,,,,,,,,,,,,,,,
MULTI_ASPIRATE,1,8,1,5,,,,,,,,,,,,,,,,,,,,,,,,,,,,,,,,,,,,,,,,,,,
MULTI_ASPIRATE,1,1,1,250,,,,,,,,,,,,,,,,,,,,,,,,,,,,,,,,,,,,,,,,,,,
MULTI_ASPIRATE,1,2,1,250,,,,,,,,,,,,,,,,,,,,,,,,,,,,,,,,,,,,,,,,,,,
MULTI_ASPIRATE,1,4,1,250,,,,,,,,,,,,,,,,,,,,,,,,,,,,,,,,,,,,,,,,,,,
COPY,1,7,7,1,2,20,2,250,always,,,,,,,,,,,,,,,,,,,,,,,,,,,,,,,,,,,,,,
MULTI_ASPIRATE,1,18,1,195,,,,,,,,,,,,,,,,,,,,,,,,,,,,,,,,,,,,,,,,,,,
MULTI_ASPIRATE,1,8,1,5,,,,,,,,,,,,,,,,,,,,,,,,,,,,,,,,,,,,,,,,,,,
MULTI_ASPIRATE,1,1,1,250,,,,,,,,,,,,,,,,,,,,,,,,,,,,,,,,,,,,,,,,,,,
MULTI_ASPIRATE,1,2,1,250,,,,,,,,,,,,,,,,,,,,,,,,,,,,,,,,,,,,,,,,,,,
MULTI_ASPIRATE,1,4,1,250,,,,,,,,,,,,,,,,,,,,,,,,,,,,,,,,,,,,,,,,,,,
COPY,1,7,7,1,2,21,1,250,always,,,,,,,,,,,,,,,,,,,,,,,,,,,,,,,,,,,,,,
MULTI_ASPIRATE,1,19,1,195,,,,,,,,,,,,,,,,,,,,,,,,,,,,,,,,,,,,,,,,,,,
MULTI_ASPIRATE,1,8,1,5,,,,,,,,,,,,,,,,,,,,,,,,,,,,,,,,,,,,,,,,,,,
MULTI_ASPIRATE,1,1,1,250,,,,,,,,,,,,,,,,,,,,,,,,,,,,,,,,,,,,,,,,,,,
MULTI_ASPIRATE,1,2,1,250,,,,,,,,,,,,,,,,,,,,,,,,,,,,,,,,,,,,,,,,,,,
MULTI_ASPIRATE,1,4,1,250,,,,,,,,,,,,,,,,,,,,,,,,,,,,,,,,,,,,,,,,,,,
COPY,1,7,7,1,2,21,2,250,always,,,,,,,,,,,,,,,,,,,,,,,,,,,,,,,,,,,,,,
MULTI_ASPIRATE,1,20,1,195,,,,,,,,,,,,,,,,,,,,,,,,,,,,,,,,,,,,,,,,,,,
MULTI_ASPIRATE,1,8,1,5,,,,,,,,,,,,,,,,,,,,,,,,,,,,,,,,,,,,,,,,,,,
MULTI_ASPIRATE,1,1,1,250,,,,,,,,,,,,,,,,,,,,,,,,,,,,,,,,,,,,,,,,,,,
MULTI_ASPIRATE,1,2,1,250,,,,,,,,,,,,,,,,,,,,,,,,,,,,,,,,,,,,,,,,,,,
MULTI_ASPIRATE,1,4,1,250,,,,,,,,,,,,,,,,,,,,,,,,,,,,,,,,,,,,,,,,,,,
COPY,1,7,7,1,2,22,1,250,always,,,,,,,,,,,,,,,,,,,,,,,,,,,,,,,,,,,,,,
MULTI_ASPIRATE,1,21,1,195,,,,,,,,,,,,,,,,,,,,,,,,,,,,,,,,,,,,,,,,,,,
MULTI_ASPIRATE,1,8,1,5,,,,,,,,,,,,,,,,,,,,,,,,,,,,,,,,,,,,,,,,,,,
MULTI_ASPIRATE,1,1,1,250,,,,,,,,,,,,,,,,,,,,,,,,,,,,,,,,,,,,,,,,,,,
MULTI_ASPIRATE,1,2,1,250,,,,,,,,,,,,,,,,,,,,,,,,,,,,,,,,,,,,,,,,,,,
MULTI_ASPIRATE,1,4,1,250,,,,,,,,,,,,,,,,,,,,,,,,,,,,,,,,,,,,,,,,,,,
COPY,1,7,7,1,2,22,2,250,always,,,,,,,,,,,,,,,,,,,,,,,,,,,,,,,,,,,,,,
MULTI_ASPIRATE,1,1,1,250,,,,,,,,,,,,,,,,,,,,,,,,,,,,,,,,,,,,,,,,,,,
MULTI_ASPIRATE,1,2,1,250,,,,,,,,,,,,,,,,,,,,,,,,,,,,,,,,,,,,,,,,,,,
MULTI_ASPIRATE,1,4,1,250,,,,,,,,,,,,,,,,,,,,,,,,,,,,,,,,,,,,,,,,,,,
COPY,1,7,7,1,2,23,1,250,always,,,,,,,,,,,,,,,,,,,,,,,,,,,,,,,,,,,,,,
MULTI_ASPIRATE,1,1,1,250,,,,,,,,,,,,,,,,,,,,,,,,,,,,,,,,,,,,,,,,,,,
MULTI_ASPIRATE,1,2,1,250,,,,,,,,,,,,,,,,,,,,,,,,,,,,,,,,,,,,,,,,,,,
MULTI_ASPIRATE,1,4,1,250,,,,,,,,,,,,,,,,,,,,,,,,,,,,,,,,,,,,,,,,,,,
COPY,1,7,7,1,2,23,2,250,always,,,,,,,,,,,,,,,,,,,,,,,,,,,,,,,,,,,,,,
MULTI_ASPIRATE,1,1,1,250,,,,,,,,,,,,,,,,,,,,,,,,,,,,,,,,,,,,,,,,,,,
MULTI_ASPIRATE,1,2,1,250,,,,,,,,,,,,,,,,,,,,,,,,,,,,,,,,,,,,,,,,,,,
MULTI_ASPIRATE,1,4,1,250,,,,,,,,,,,,,,,,,,,,,,,,,,,,,,,,,,,,,,,,,,,
COPY,1,7,7,1,2,24,1,250,always,,,,,,,,,,,,,,,,,,,,,,,,,,,,,,,,,,,,,,
MULTI_ASPIRATE,1,1,1,250,,,,,,,,,,,,,,,,,,,,,,,,,,,,,,,,,,,,,,,,,,,
MULTI_ASPIRATE,1,2,1,250,,,,,,,,,,,,,,,,,,,,,,,,,,,,,,,,,,,,,,,,,,,
MULTI_ASPIRATE,1,4,1,250,,,,,,,,,,,,,,,,,,,,,,,,,,,,,,,,,,,,,,,,,,,
COPY,1,7,7,1,2,24,2,250,always,,,,,,,,,,,,,,,,,,,,,,,,,,,,,,,,,,,,,,
MULTI_ASPIRATE,1,1,1,250,,,,,,,,,,,,,,,,,,,,,,,,,,,,,,,,,,,,,,,,,,,
MULTI_ASPIRATE,1,2,1,250,,,,,,,,,,,,,,,,,,,,,,,,,,,,,,,,,,,,,,,,,,,
MULTI_ASPIRATE,1,5,1,250,,,,,,,,,,,,,,,,,,,,,,,,,,,,,,,,,,,,,,,,,,,
COPY,1,7,7,1,2,25,1,250,always,,,,,,,,,,,,,,,,,,,,,,,,,,,,,,,,,,,,,,
MULTI_ASPIRATE,1,1,1,250,,,,,,,,,,,,,,,,,,,,,,,,,,,,,,,,,,,,,,,,,,,
MULTI_ASPIRATE,1,2,1,250,,,,,,,,,,,,,,,,,,,,,,,,,,,,,,,,,,,,,,,,,,,
MULTI_ASPIRATE,1,5,1,250,,,,,,,,,,,,,,,,,,,,,,,,,,,,,,,,,,,,,,,,,,,
COPY,1,7,7,1,2,25,2,250,always,,,,,,,,,,,,,,,,,,,,,,,,,,,,,,,,,,,,,,
MULTI_ASPIRATE,1,1,1,250,,,,,,,,,,,,,,,,,,,,,,,,,,,,,,,,,,,,,,,,,,,
MULTI_ASPIRATE,1,2,1,250,,,,,,,,,,,,,,,,,,,,,,,,,,,,,,,,,,,,,,,,,,,
MULTI_ASPIRATE,1,5,1,250,,,,,,,,,,,,,,,,,,,,,,,,,,,,,,,,,,,,,,,,,,,
COPY,1,7,7,1,2,26,1,250,always,,,,,,,,,,,,,,,,,,,,,,,,,,,,,,,,,,,,,,
MULTI_ASPIRATE,1,1,1,250,,,,,,,,,,,,,,,,,,,,,,,,,,,,,,,,,,,,,,,,,,,
MULTI_ASPIRATE,1,2,1,250,,,,,,,,,,,,,,,,,,,,,,,,,,,,,,,,,,,,,,,,,,,
MULTI_ASPIRATE,1,5,1,250,,,,,,,,,,,,,,,,,,,,,,,,,,,,,,,,,,,,,,,,,,,
COPY,1,7,7,1,2,26,2,250,always,,,,,,,,,,,,,,,,,,,,,,,,,,,,,,,,,,,,,,
MULTI_ASPIRATE,1,1,1,250,,,,,,,,,,,,,,,,,,,,,,,,,,,,,,,,,,,,,,,,,,,
MULTI_ASPIRATE,1,2,1,250,,,,,,,,,,,,,,,,,,,,,,,,,,,,,,,,,,,,,,,,,,,
MULTI_ASPIRATE,1,5,1,250,,,,,,,,,,,,,,,,,,,,,,,,,,,,,,,,,,,,,,,,,,,
COPY,1,7,7,1,2,27,1,250,always,,,,,,,,,,,,,,,,,,,,,,,,,,,,,,,,,,,,,,
MULTI_ASPIRATE,1,1,1,250,,,,,,,,,,,,,,,,,,,,,,,,,,,,,,,,,,,,,,,,,,,
MULTI_ASPIRATE,1,2,1,250,,,,,,,,,,,,,,,,,,,,,,,,,,,,,,,,,,,,,,,,,,,
MULTI_ASPIRATE,1,5,1,250,,,,,,,,,,,,,,,,,,,,,,,,,,,,,,,,,,,,,,,,,,,
COPY,1,7,7,1,2,27,2,250,always,,,,,,,,,,,,,,,,,,,,,,,,,,,,,,,,,,,,,,
MULTI_ASPIRATE,1,1,1,250,,,,,,,,,,,,,,,,,,,,,,,,,,,,,,,,,,,,,,,,,,,
MULTI_ASPIRATE,1,2,1,250,,,,,,,,,,,,,,,,,,,,,,,,,,,,,,,,,,,,,,,,,,,
MULTI_ASPIRATE,1,5,1,250,,,,,,,,,,,,,,,,,,,,,,,,,,,,,,,,,,,,,,,,,,,
COPY,1,7,7,1,2,28,1,250,always,,,,,,,,,,,,,,,,,,,,,,,,,,,,,,,,,,,,,,
MULTI_ASPIRATE,1,1,1,250,,,,,,,,,,,,,,,,,,,,,,,,,,,,,,,,,,,,,,,,,,,
MULTI_ASPIRATE,1,2,1,250,,,,,,,,,,,,,,,,,,,,,,,,,,,,,,,,,,,,,,,,,,,
MULTI_ASPIRATE,1,5,1,250,,,,,,,,,,,,,,,,,,,,,,,,,,,,,,,,,,,,,,,,,,,
COPY,1,7,7,1,2,28,2,250,always,,,,,,,,,,,,,,,,,,,,,,,,,,,,,,,,,,,,,,
MULTI_ASPIRATE,1,1,1,250,,,,,,,,,,,,,,,,,,,,,,,,,,,,,,,,,,,,,,,,,,,
MULTI_ASPIRATE,1,2,1,250,,,,,,,,,,,,,,,,,,,,,,,,,,,,,,,,,,,,,,,,,,,
MULTI_ASPIRATE,1,5,1,250,,,,,,,,,,,,,,,,,,,,,,,,,,,,,,,,,,,,,,,,,,,
COPY,1,7,7,1,2,29,1,250,always,,,,,,,,,,,,,,,,,,,,,,,,,,,,,,,,,,,,,,
MULTI_ASPIRATE,1,1,1,250,,,,,,,,,,,,,,,,,,,,,,,,,,,,,,,,,,,,,,,,,,,
MULTI_ASPIRATE,1,2,1,250,,,,,,,,,,,,,,,,,,,,,,,,,,,,,,,,,,,,,,,,,,,
MULTI_ASPIRATE,1,5,1,250,,,,,,,,,,,,,,,,,,,,,,,,,,,,,,,,,,,,,,,,,,,
COPY,1,7,7,1,2,29,2,250,always,,,,,,,,,,,,,,,,,,,,,,,,,,,,,,,,,,,,,,
MULTI_ASPIRATE,1,1,1,250,,,,,,,,,,,,,,,,,,,,,,,,,,,,,,,,,,,,,,,,,,,
MULTI_ASPIRATE,1,2,1,250,,,,,,,,,,,,,,,,,,,,,,,,,,,,,,,,,,,,,,,,,,,
MULTI_ASPIRATE,1,5,1,250,,,,,,,,,,,,,,,,,,,,,,,,,,,,,,,,,,,,,,,,,,,
COPY,1,7,7,1,2,30,1,250,always,,,,,,,,,,,,,,,,,,,,,,,,,,,,,,,,,,,,,,
MULTI_ASPIRATE,1,1,1,250,,,,,,,,,,,,,,,,,,,,,,,,,,,,,,,,,,,,,,,,,,,
MULTI_ASPIRATE,1,2,1,250,,,,,,,,,,,,,,,,,,,,,,,,,,,,,,,,,,,,,,,,,,,
MULTI_ASPIRATE,1,5,1,250,,,,,,,,,,,,,,,,,,,,,,,,,,,,,,,,,,,,,,,,,,,
COPY,1,7,7,1,2,30,2,250,always,,,,,,,,,,,,,,,,,,,,,,,,,,,,,,,,,,,,,,
MULTI_ASPIRATE,1,1,1,250,,,,,,,,,,,,,,,,,,,,,,,,,,,,,,,,,,,,,,,,,,,
MULTI_ASPIRATE,1,2,1,250,,,,,,,,,,,,,,,,,,,,,,,,,,,,,,,,,,,,,,,,,,,
MULTI_ASPIRATE,1,5,1,250,,,,,,,,,,,,,,,,,,,,,,,,,,,,,,,,,,,,,,,,,,,
COPY,1,7,7,1,2,31,1,250,always,,,,,,,,,,,,,,,,,,,,,,,,,,,,,,,,,,,,,,
MULTI_ASPIRATE,1,1,1,250,,,,,,,,,,,,,,,,,,,,,,,,,,,,,,,,,,,,,,,,,,,
MULTI_ASPIRATE,1,2,1,250,,,,,,,,,,,,,,,,,,,,,,,,,,,,,,,,,,,,,,,,,,,
MULTI_ASPIRATE,1,5,1,250,,,,,,,,,,,,,,,,,,,,,,,,,,,,,,,,,,,,,,,,,,,
COPY,1,7,7,1,2,31,2,250,always,,,,,,,,,,,,,,,,,,,,,,,,,,,,,,,,,,,,,,
MULTI_ASPIRATE,1,16,1,195,,,,,,,,,,,,,,,,,,,,,,,,,,,,,,,,,,,,,,,,,,,
MULTI_ASPIRATE,1,8,1,5,,,,,,,,,,,,,,,,,,,,,,,,,,,,,,,,,,,,,,,,,,,
MULTI_ASPIRATE,1,1,1,250,,,,,,,,,,,,,,,,,,,,,,,,,,,,,,,,,,,,,,,,,,,
MULTI_ASPIRATE,1,2,1,250,,,,,,,,,,,,,,,,,,,,,,,,,,,,,,,,,,,,,,,,,,,
MULTI_ASPIRATE,1,5,1,250,,,,,,,,,,,,,,,,,,,,,,,,,,,,,,,,,,,,,,,,,,,
COPY,1,7,7,1,2,32,1,250,always,,,,,,,,,,,,,,,,,,,,,,,,,,,,,,,,,,,,,,
MULTI_ASPIRATE,1,17,1,195,,,,,,,,,,,,,,,,,,,,,,,,,,,,,,,,,,,,,,,,,,,
MULTI_ASPIRATE,1,8,1,5,,,,,,,,,,,,,,,,,,,,,,,,,,,,,,,,,,,,,,,,,,,
MULTI_ASPIRATE,1,1,1,250,,,,,,,,,,,,,,,,,,,,,,,,,,,,,,,,,,,,,,,,,,,
MULTI_ASPIRATE,1,2,1,250,,,,,,,,,,,,,,,,,,,,,,,,,,,,,,,,,,,,,,,,,,,
MULTI_ASPIRATE,1,5,1,250,,,,,,,,,,,,,,,,,,,,,,,,,,,,,,,,,,,,,,,,,,,
COPY,1,7,7,1,2,32,2,250,always,,,,,,,,,,,,,,,,,,,,,,,,,,,,,,,,,,,,,,
MULTI_ASPIRATE,1,18,1,195,,,,,,,,,,,,,,,,,,,,,,,,,,,,,,,,,,,,,,,,,,,
MULTI_ASPIRATE,1,8,1,5,,,,,,,,,,,,,,,,,,,,,,,,,,,,,,,,,,,,,,,,,,,
MULTI_ASPIRATE,1,1,1,250,,,,,,,,,,,,,,,,,,,,,,,,,,,,,,,,,,,,,,,,,,,
MULTI_ASPIRATE,1,2,1,250,,,,,,,,,,,,,,,,,,,,,,,,,,,,,,,,,,,,,,,,,,,
MULTI_ASPIRATE,1,5,1,250,,,,,,,,,,,,,,,,,,,,,,,,,,,,,,,,,,,,,,,,,,,
COPY,1,7,7,1,2,33,1,250,always,,,,,,,,,,,,,,,,,,,,,,,,,,,,,,,,,,,,,,
MULTI_ASPIRATE,1,19,1,195,,,,,,,,,,,,,,,,,,,,,,,,,,,,,,,,,,,,,,,,,,,
MULTI_ASPIRATE,1,8,8,5,,,,,,,,,,,,,,,,,,,,,,,,,,,,,,,,,,,,,,,,,,,
MULTI_ASPIRATE,1,1,1,250,,,,,,,,,,,,,,,,,,,,,,,,,,,,,,,,,,,,,,,,,,,
MULTI_ASPIRATE,1,2,1,250,,,,,,,,,,,,,,,,,,,,,,,,,,,,,,,,,,,,,,,,,,,
MULTI_ASPIRATE,1,5,1,250,,,,,,,,,,,,,,,,,,,,,,,,,,,,,,,,,,,,,,,,,,,
COPY,1,7,7,1,2,33,2,250,always,,,,,,,,,,,,,,,,,,,,,,,,,,,,,,,,,,,,,,
MULTI_ASPIRATE,1,20,1,195,,,,,,,,,,,,,,,,,,,,,,,,,,,,,,,,,,,,,,,,,,,
MULTI_ASPIRATE,1,8,1,5,,,,,,,,,,,,,,,,,,,,,,,,,,,,,,,,,,,,,,,,,,,
MULTI_ASPIRATE,1,1,1,250,,,,,,,,,,,,,,,,,,,,,,,,,,,,,,,,,,,,,,,,,,,
MULTI_ASPIRATE,1,2,1,250,,,,,,,,,,,,,,,,,,,,,,,,,,,,,,,,,,,,,,,,,,,
MULTI_ASPIRATE,1,5,1,250,,,,,,,,,,,,,,,,,,,,,,,,,,,,,,,,,,,,,,,,,,,
COPY,1,7,7,1,2,34,1,250,always,,,,,,,,,,,,,,,,,,,,,,,,,,,,,,,,,,,,,,
MULTI_ASPIRATE,1,21,1,195,,,,,,,,,,,,,,,,,,,,,,,,,,,,,,,,,,,,,,,,,,,
MULTI_ASPIRATE,1,8,1,5,,,,,,,,,,,,,,,,,,,,,,,,,,,,,,,,,,,,,,,,,,,
MULTI_ASPIRATE,1,1,1,250,,,,,,,,,,,,,,,,,,,,,,,,,,,,,,,,,,,,,,,,,,,
MULTI_ASPIRATE,1,2,1,250,,,,,,,,,,,,,,,,,,,,,,,,,,,,,,,,,,,,,,,,,,,
MULTI_ASPIRATE,1,5,1,250,,,,,,,,,,,,,,,,,,,,,,,,,,,,,,,,,,,,,,,,,,,
COPY,1,7,7,1,2,34,2,250,always,,,,,,,,,,,,,,,,,,,,,,,,,,,,,,,,,,,,,,
MULTI_ASPIRATE,1,1,1,250,,,,,,,,,,,,,,,,,,,,,,,,,,,,,,,,,,,,,,,,,,,
MULTI_ASPIRATE,1,2,1,250,,,,,,,,,,,,,,,,,,,,,,,,,,,,,,,,,,,,,,,,,,,
MULTI_ASPIRATE,1,5,1,250,,,,,,,,,,,,,,,,,,,,,,,,,,,,,,,,,,,,,,,,,,,
COPY,1,7,7,1,2,35,1,250,always,,,,,,,,,,,,,,,,,,,,,,,,,,,,,,,,,,,,,,
MULTI_ASPIRATE,1,1,1,250,,,,,,,,,,,,,,,,,,,,,,,,,,,,,,,,,,,,,,,,,,,
MULTI_ASPIRATE,1,2,1,250,,,,,,,,,,,,,,,,,,,,,,,,,,,,,,,,,,,,,,,,,,,
MULTI_ASPIRATE,1,5,1,250,,,,,,,,,,,,,,,,,,,,,,,,,,,,,,,,,,,,,,,,,,,
COPY,1,7,7,1,2,35,2,250,always,,,,,,,,,,,,,,,,,,,,,,,,,,,,,,,,,,,,,,
MULTI_ASPIRATE,1,1,1,250,,,,,,,,,,,,,,,,,,,,,,,,,,,,,,,,,,,,,,,,,,,
MULTI_ASPIRATE,1,2,1,250,,,,,,,,,,,,,,,,,,,,,,,,,,,,,,,,,,,,,,,,,,,
MULTI_ASPIRATE,1,5,1,250,,,,,,,,,,,,,,,,,,,,,,,,,,,,,,,,,,,,,,,,,,,
COPY,1,7,7,1,2,36,1,250,always,,,,,,,,,,,,,,,,,,,,,,,,,,,,,,,,,,,,,,
MULTI_ASPIRATE,1,1,1,250,,,,,,,,,,,,,,,,,,,,,,,,,,,,,,,,,,,,,,,,,,,
MULTI_ASPIRATE,1,2,1,250,,,,,,,,,,,,,,,,,,,,,,,,,,,,,,,,,,,,,,,,,,,
MULTI_ASPIRATE,1,5,1,250,,,,,,,,,,,,,,,,,,,,,,,,,,,,,,,,,,,,,,,,,,,
COPY,1,7,7,1,2,36,2,250,always,,,,,,,,,,,,,,,,,,,,,,,,,,,,,,,,,,,,,,
MULTI_ASPIRATE,1,1,1,250,,,,,,,,,,,,,,,,,,,,,,,,,,,,,,,,,,,,,,,,,,,
MULTI_ASPIRATE,1,2,1,250,,,,,,,,,,,,,,,,,,,,,,,,,,,,,,,,,,,,,,,,,,,
MULTI_ASPIRATE,1,6,1,250,,,,,,,,,,,,,,,,,,,,,,,,,,,,,,,,,,,,,,,,,,,
COPY,1,7,7,1,2,37,1,250,always,,,,,,,,,,,,,,,,,,,,,,,,,,,,,,,,,,,,,,
MULTI_ASPIRATE,1,1,1,250,,,,,,,,,,,,,,,,,,,,,,,,,,,,,,,,,,,,,,,,,,,
MULTI_ASPIRATE,1,2,1,250,,,,,,,,,,,,,,,,,,,,,,,,,,,,,,,,,,,,,,,,,,,
MULTI_ASPIRATE,1,6,1,250,,,,,,,,,,,,,,,,,,,,,,,,,,,,,,,,,,,,,,,,,,,
COPY,1,7,7,1,2,37,2,250,always,,,,,,,,,,,,,,,,,,,,,,,,,,,,,,,,,,,,,,
MULTI_ASPIRATE,1,1,1,250,,,,,,,,,,,,,,,,,,,,,,,,,,,,,,,,,,,,,,,,,,,
MULTI_ASPIRATE,1,2,1,250,,,,,,,,,,,,,,,,,,,,,,,,,,,,,,,,,,,,,,,,,,,
MULTI_ASPIRATE,1,6,1,250,,,,,,,,,,,,,,,,,,,,,,,,,,,,,,,,,,,,,,,,,,,
COPY,1,7,7,1,2,38,1,250,always,,,,,,,,,,,,,,,,,,,,,,,,,,,,,,,,,,,,,,
MULTI_ASPIRATE,1,1,1,250,,,,,,,,,,,,,,,,,,,,,,,,,,,,,,,,,,,,,,,,,,,
MULTI_ASPIRATE,1,2,1,250,,,,,,,,,,,,,,,,,,,,,,,,,,,,,,,,,,,,,,,,,,,
MULTI_ASPIRATE,1,6,1,250,,,,,,,,,,,,,,,,,,,,,,,,,,,,,,,,,,,,,,,,,,,
COPY,1,7,7,1,2,38,2,250,always,,,,,,,,,,,,,,,,,,,,,,,,,,,,,,,,,,,,,,
MULTI_ASPIRATE,1,1,1,250,,,,,,,,,,,,,,,,,,,,,,,,,,,,,,,,,,,,,,,,,,,
MULTI_ASPIRATE,1,2,1,250,,,,,,,,,,,,,,,,,,,,,,,,,,,,,,,,,,,,,,,,,,,
MULTI_ASPIRATE,1,6,1,250,,,,,,,,,,,,,,,,,,,,,,,,,,,,,,,,,,,,,,,,,,,
COPY,1,7,7,1,2,39,1,250,always,,,,,,,,,,,,,,,,,,,,,,,,,,,,,,,,,,,,,,
MULTI_ASPIRATE,1,1,1,250,,,,,,,,,,,,,,,,,,,,,,,,,,,,,,,,,,,,,,,,,,,
MULTI_ASPIRATE,1,2,1,250,,,,,,,,,,,,,,,,,,,,,,,,,,,,,,,,,,,,,,,,,,,
MULTI_ASPIRATE,1,6,1,250,,,,,,,,,,,,,,,,,,,,,,,,,,,,,,,,,,,,,,,,,,,
COPY,1,7,7,1,2,39,2,250,always,,,,,,,,,,,,,,,,,,,,,,,,,,,,,,,,,,,,,,
MULTI_ASPIRATE,1,1,1,250,,,,,,,,,,,,,,,,,,,,,,,,,,,,,,,,,,,,,,,,,,,
MULTI_ASPIRATE,1,2,1,250,,,,,,,,,,,,,,,,,,,,,,,,,,,,,,,,,,,,,,,,,,,
MULTI_ASPIRATE,1,6,1,250,,,,,,,,,,,,,,,,,,,,,,,,,,,,,,,,,,,,,,,,,,,
COPY,1,7,7,1,2,40,1,250,always,,,,,,,,,,,,,,,,,,,,,,,,,,,,,,,,,,,,,,
MULTI_ASPIRATE,1,1,1,250,,,,,,,,,,,,,,,,,,,,,,,,,,,,,,,,,,,,,,,,,,,
MULTI_ASPIRATE,1,2,1,250,,,,,,,,,,,,,,,,,,,,,,,,,,,,,,,,,,,,,,,,,,,
MULTI_ASPIRATE,1,6,1,250,,,,,,,,,,,,,,,,,,,,,,,,,,,,,,,,,,,,,,,,,,,
COPY,1,7,7,1,2,40,2,250,always,,,,,,,,,,,,,,,,,,,,,,,,,,,,,,,,,,,,,,
MULTI_ASPIRATE,1,1,1,250,,,,,,,,,,,,,,,,,,,,,,,,,,,,,,,,,,,,,,,,,,,
MULTI_ASPIRATE,1,2,1,250,,,,,,,,,,,,,,,,,,,,,,,,,,,,,,,,,,,,,,,,,,,
MULTI_ASPIRATE,1,6,1,250,,,,,,,,,,,,,,,,,,,,,,,,,,,,,,,,,,,,,,,,,,,
COPY,1,7,7,1,2,41,1,250,always,,,,,,,,,,,,,,,,,,,,,,,,,,,,,,,,,,,,,,
MULTI_ASPIRATE,1,1,1,250,,,,,,,,,,,,,,,,,,,,,,,,,,,,,,,,,,,,,,,,,,,
MULTI_ASPIRATE,1,2,1,250,,,,,,,,,,,,,,,,,,,,,,,,,,,,,,,,,,,,,,,,,,,
MULTI_ASPIRATE,1,6,1,250,,,,,,,,,,,,,,,,,,,,,,,,,,,,,,,,,,,,,,,,,,,
COPY,1,7,7,1,2,41,2,250,always,,,,,,,,,,,,,,,,,,,,,,,,,,,,,,,,,,,,,,
MULTI_ASPIRATE,1,1,1,250,,,,,,,,,,,,,,,,,,,,,,,,,,,,,,,,,,,,,,,,,,,
MULTI_ASPIRATE,1,2,1,250,,,,,,,,,,,,,,,,,,,,,,,,,,,,,,,,,,,,,,,,,,,
MULTI_ASPIRATE,1,6,1,250,,,,,,,,,,,,,,,,,,,,,,,,,,,,,,,,,,,,,,,,,,,
COPY,1,7,7,1,2,42,1,250,always,,,,,,,,,,,,,,,,,,,,,,,,,,,,,,,,,,,,,,
MULTI_ASPIRATE,1,1,1,250,,,,,,,,,,,,,,,,,,,,,,,,,,,,,,,,,,,,,,,,,,,
MULTI_ASPIRATE,1,2,1,250,,,,,,,,,,,,,,,,,,,,,,,,,,,,,,,,,,,,,,,,,,,
MULTI_ASPIRATE,1,6,1,250,,,,,,,,,,,,,,,,,,,,,,,,,,,,,,,,,,,,,,,,,,,
COPY,1,7,7,1,2,42,2,250,always,,,,,,,,,,,,,,,,,,,,,,,,,,,,,,,,,,,,,,
MULTI_ASPIRATE,1,1,1,250,,,,,,,,,,,,,,,,,,,,,,,,,,,,,,,,,,,,,,,,,,,
MULTI_ASPIRATE,1,2,1,250,,,,,,,,,,,,,,,,,,,,,,,,,,,,,,,,,,,,,,,,,,,
MULTI_ASPIRATE,1,6,1,250,,,,,,,,,,,,,,,,,,,,,,,,,,,,,,,,,,,,,,,,,,,
COPY,1,7,7,1,2,43,1,250,always,,,,,,,,,,,,,,,,,,,,,,,,,,,,,,,,,,,,,,
MULTI_ASPIRATE,1,1,1,250,,,,,,,,,,,,,,,,,,,,,,,,,,,,,,,,,,,,,,,,,,,
MULTI_ASPIRATE,1,2,1,250,,,,,,,,,,,,,,,,,,,,,,,,,,,,,,,,,,,,,,,,,,,
MULTI_ASPIRATE,1,6,1,250,,,,,,,,,,,,,,,,,,,,,,,,,,,,,,,,,,,,,,,,,,,
COPY,1,7,7,1,2,43,2,250,always,,,,,,,,,,,,,,,,,,,,,,,,,,,,,,,,,,,,,,
MULTI_ASPIRATE,1,16,1,195,,,,,,,,,,,,,,,,,,,,,,,,,,,,,,,,,,,,,,,,,,,
MULTI_ASPIRATE,1,8,1,5,,,,,,,,,,,,,,,,,,,,,,,,,,,,,,,,,,,,,,,,,,,
MULTI_ASPIRATE,1,1,1,250,,,,,,,,,,,,,,,,,,,,,,,,,,,,,,,,,,,,,,,,,,,
MULTI_ASPIRATE,1,2,1,250,,,,,,,,,,,,,,,,,,,,,,,,,,,,,,,,,,,,,,,,,,,
MULTI_ASPIRATE,1,6,1,250,,,,,,,,,,,,,,,,,,,,,,,,,,,,,,,,,,,,,,,,,,,
COPY,1,7,7,1,2,44,1,250,always,,,,,,,,,,,,,,,,,,,,,,,,,,,,,,,,,,,,,,
MULTI_ASPIRATE,1,17,1,195,,,,,,,,,,,,,,,,,,,,,,,,,,,,,,,,,,,,,,,,,,,
MULTI_ASPIRATE,1,8,1,5,,,,,,,,,,,,,,,,,,,,,,,,,,,,,,,,,,,,,,,,,,,
MULTI_ASPIRATE,1,1,1,250,,,,,,,,,,,,,,,,,,,,,,,,,,,,,,,,,,,,,,,,,,,
MULTI_ASPIRATE,1,2,1,250,,,,,,,,,,,,,,,,,,,,,,,,,,,,,,,,,,,,,,,,,,,
MULTI_ASPIRATE,1,6,1,250,,,,,,,,,,,,,,,,,,,,,,,,,,,,,,,,,,,,,,,,,,,
COPY,1,7,7,1,2,44,2,250,always,,,,,,,,,,,,,,,,,,,,,,,,,,,,,,,,,,,,,,
MULTI_ASPIRATE,1,18,1,195,,,,,,,,,,,,,,,,,,,,,,,,,,,,,,,,,,,,,,,,,,,
MULTI_ASPIRATE,1,8,1,5,,,,,,,,,,,,,,,,,,,,,,,,,,,,,,,,,,,,,,,,,,,
MULTI_ASPIRATE,1,1,1,250,,,,,,,,,,,,,,,,,,,,,,,,,,,,,,,,,,,,,,,,,,,
MULTI_ASPIRATE,1,2,1,250,,,,,,,,,,,,,,,,,,,,,,,,,,,,,,,,,,,,,,,,,,,
MULTI_ASPIRATE,1,6,1,250,,,,,,,,,,,,,,,,,,,,,,,,,,,,,,,,,,,,,,,,,,,
COPY,1,7,7,1,2,45,1,250,always,,,,,,,,,,,,,,,,,,,,,,,,,,,,,,,,,,,,,,
MULTI_ASPIRATE,1,19,1,195,,,,,,,,,,,,,,,,,,,,,,,,,,,,,,,,,,,,,,,,,,,
MULTI_ASPIRATE,1,8,1,5,,,,,,,,,,,,,,,,,,,,,,,,,,,,,,,,,,,,,,,,,,,
MULTI_ASPIRATE,1,1,1,250,,,,,,,,,,,,,,,,,,,,,,,,,,,,,,,,,,,,,,,,,,,
MULTI_ASPIRATE,1,2,1,250,,,,,,,,,,,,,,,,,,,,,,,,,,,,,,,,,,,,,,,,,,,
MULTI_ASPIRATE,1,6,1,250,,,,,,,,,,,,,,,,,,,,,,,,,,,,,,,,,,,,,,,,,,,
COPY,1,7,7,1,2,45,2,250,always,,,,,,,,,,,,,,,,,,,,,,,,,,,,,,,,,,,,,,
MULTI_ASPIRATE,1,20,1,195,,,,,,,,,,,,,,,,,,,,,,,,,,,,,,,,,,,,,,,,,,,
MULTI_ASPIRATE,1,8,1,5,,,,,,,,,,,,,,,,,,,,,,,,,,,,,,,,,,,,,,,,,,,
MULTI_ASPIRATE,1,1,1,250,,,,,,,,,,,,,,,,,,,,,,,,,,,,,,,,,,,,,,,,,,,
MULTI_ASPIRATE,1,2,1,250,,,,,,,,,,,,,,,,,,,,,,,,,,,,,,,,,,,,,,,,,,,
MULTI_ASPIRATE,1,6,1,250,,,,,,,,,,,,,,,,,,,,,,,,,,,,,,,,,,,,,,,,,,,
COPY,1,7,7,1,2,46,1,250,always,,,,,,,,,,,,,,,,,,,,,,,,,,,,,,,,,,,,,,
MULTI_ASPIRATE,1,21,1,195,,,,,,,,,,,,,,,,,,,,,,,,,,,,,,,,,,,,,,,,,,,
MULTI_ASPIRATE,1,8,1,5,,,,,,,,,,,,,,,,,,,,,,,,,,,,,,,,,,,,,,,,,,,
MULTI_ASPIRATE,1,1,1,250,,,,,,,,,,,,,,,,,,,,,,,,,,,,,,,,,,,,,,,,,,,
MULTI_ASPIRATE,1,2,1,250,,,,,,,,,,,,,,,,,,,,,,,,,,,,,,,,,,,,,,,,,,,
MULTI_ASPIRATE,1,6,1,250,,,,,,,,,,,,,,,,,,,,,,,,,,,,,,,,,,,,,,,,,,,
COPY,1,7,7,1,2,46,2,250,always,,,,,,,,,,,,,,,,,,,,,,,,,,,,,,,,,,,,,,
MULTI_ASPIRATE,1,1,1,250,,,,,,,,,,,,,,,,,,,,,,,,,,,,,,,,,,,,,,,,,,,
MULTI_ASPIRATE,1,2,1,250,,,,,,,,,,,,,,,,,,,,,,,,,,,,,,,,,,,,,,,,,,,
MULTI_ASPIRATE,1,6,1,250,,,,,,,,,,,,,,,,,,,,,,,,,,,,,,,,,,,,,,,,,,,
COPY,1,7,7,1,2,47,1,250,always,,,,,,,,,,,,,,,,,,,,,,,,,,,,,,,,,,,,,,
MULTI_ASPIRATE,1,1,1,250,,,,,,,,,,,,,,,,,,,,,,,,,,,,,,,,,,,,,,,,,,,
MULTI_ASPIRATE,1,2,1,250,,,,,,,,,,,,,,,,,,,,,,,,,,,,,,,,,,,,,,,,,,,
MULTI_ASPIRATE,1,6,1,250,,,,,,,,,,,,,,,,,,,,,,,,,,,,,,,,,,,,,,,,,,,
COPY,1,7,7,1,2,47,2,250,always,,,,,,,,,,,,,,,,,,,,,,,,,,,,,,,,,,,,,,
MULTI_ASPIRATE,1,1,1,250,,,,,,,,,,,,,,,,,,,,,,,,,,,,,,,,,,,,,,,,,,,
MULTI_ASPIRATE,1,2,1,250,,,,,,,,,,,,,,,,,,,,,,,,,,,,,,,,,,,,,,,,,,,
MULTI_ASPIRATE,1,6,1,250,,,,,,,,,,,,,,,,,,,,,,,,,,,,,,,,,,,,,,,,,,,
COPY,1,7,7,1,2,48,1,250,always,,,,,,,,,,,,,,,,,,,,,,,,,,,,,,,,,,,,,,
MULTI_ASPIRATE,1,1,1,250,,,,,,,,,,,,,,,,,,,,,,,,,,,,,,,,,,,,,,,,,,,
MULTI_ASPIRATE,1,2,1,250,,,,,,,,,,,,,,,,,,,,,,,,,,,,,,,,,,,,,,,,,,,
MULTI_ASPIRATE,1,6,1,250,,,,,,,,,,,,,,,,,,,,,,,,,,,,,,,,,,,,,,,,,,,
COPY,1,7,7,1,2,48,2,250,always,,,,,,,,,,,,,,,,,,,,,,,,,,,,,,,,,,,,,,