symbol,log2FoldChange,padj,Sig,gene_id,description,DMSO_1,DMSO_2,DMSO_3,LEE_1,LEE_2,LEE_3,LA_1,LA_2,LA_3
GPNMB,2.109477244,8.94E-187,Up,ENSG00000136235,glycoprotein nmb [Source:HGNC Symbol;Acc:HGNC:4462],459,413,426,1902,2055,1695,1073,1064,1048
ABCA12,1.03136975,6.43E-16,Up,ENSG00000144452,ATP binding cassette subfamily A member 12 [Source:HGNC Symbol;Acc:HGNC:14637],144,194,155,380,363,304,219,193,214
STARD4,1.083799969,2.28E-32,Up,ENSG00000164211,StAR related lipid transfer domain containing 4 [Source:HGNC Symbol;Acc:HGNC:18058],301,347,351,771,709,675,501,545,529
NOS3,2.987655093,1.39E-39,Up,ENSG00000164867,nitric oxide synthase 3 [Source:HGNC Symbol;Acc:HGNC:7876],27,26,22,210,226,188,109,121,92
KCNK3,1.713299015,9.41E-10,Up,ENSG00000171303,potassium two pore domain channel subfamily K member 3 [Source:HGNC Symbol;Acc:HGNC:6278],17,19,25,85,63,83,66,59,63
DIO1,1.630316113,2.41E-12,Up,ENSG00000211452,iodothyronine deiodinase 1 [Source:HGNC Symbol;Acc:HGNC:2883],27,36,48,135,149,99,76,53,72
DIO3,4.32655754,1.94E-21,Up,ENSG00000197406,iodothyronine deiodinase 3 [Source:HGNC Symbol;Acc:HGNC:2885],5,2,10,99,153,133,25,36,13
ACP3,1.033587135,1.20E-52,Up,ENSG00000014257,acid phosphatase 3 [Source:HGNC Symbol;Acc:HGNC:125],565,612,716,1381,1348,1182,900,833,863
OPRK1,1.027955802,9.79E-12,Up,ENSG00000082556,opioid receptor kappa 1 [Source:HGNC Symbol;Acc:HGNC:8154],122,116,115,284,229,245,141,149,140
KNG1,1.090724019,1.76E-06,Up,ENSG00000113889,kininogen 1 [Source:HGNC Symbol;Acc:HGNC:6383],32,39,47,85,110,92,65,50,65
OPTN,1.05635551,2.16E-21,Up,ENSG00000123240,optineurin [Source:HGNC Symbol;Acc:HGNC:17142],197,196,217,427,489,390,304,272,262
IL1RN,1.121089318,6.31E-30,Up,ENSG00000136689,interleukin 1 receptor antagonist [Source:HGNC Symbol;Acc:HGNC:6000],241,237,255,585,563,485,331,323,340
COLEC12,1.018884911,3.30E-85,Up,ENSG00000158270,collectin subfamily member 12 [Source:HGNC Symbol;Acc:HGNC:16016],1014,1130,1108,2361,2260,2009,1504,1442,1428
PKIB,1.046510829,1.14E-90,Up,ENSG00000135549,cAMP-dependent protein kinase inhibitor beta [Source:HGNC Symbol;Acc:HGNC:9018],1365.92,1380.85,1473.94,2949.98,3197.99,2630.92,2061,1918.96,2083.98
CAMK2N1,1.109903527,2.78E-47,Up,ENSG00000162545,calcium/calmodulin dependent protein kinase II inhibitor 1 [Source:HGNC Symbol;Acc:HGNC:24190],419,413,439,987,973,825,549,508,535
CAMK1D,1.078501675,1.16E-06,Up,ENSG00000183049,calcium/calmodulin dependent protein kinase ID [Source:HGNC Symbol;Acc:HGNC:19341],30,45,53,104,111,91,67,51,59
CDH26,1.436542064,1.60E-13,Up,ENSG00000124215,cadherin 26 [Source:HGNC Symbol;Acc:HGNC:15902],52,57,48,158,157,147,104,77,78
VWA2,1.290504404,3.17E-05,Up,ENSG00000165816,von Willebrand factor A domain containing 2 [Source:HGNC Symbol;Acc:HGNC:24709],14,18,11,49,55,41,19,22,30
COL5A2,1.169271513,2.06E-113,Up,ENSG00000204262,collagen type V alpha 2 chain [Source:HGNC Symbol;Acc:HGNC:2210],1250,1469,1366,3362,3148,2741,2079,1942,2033
FOXN4,1.461484889,3.29E-08,Up,ENSG00000139445,forkhead box N4 [Source:HGNC Symbol;Acc:HGNC:21399],17,29,33,90,91,74,30,33,36
ELOVL2,-1.043361696,2.53E-20,Down,ENSG00000197977,ELOVL fatty acid elongase 2 [Source:HGNC Symbol;Acc:HGNC:14416],359,362,401,181,192,156,366,313,340
PCSEAT,-1.02359121,5.59E-05,Down,ENSG00000286027,prostate cancer expressed EZH2 associated transcript [Source:HGNC Symbol;Acc:HGNC:54485],80,57,77,21,42,22,60,55,62
PGLYRP2,-1.221652404,5.00E-22,Down,ENSG00000161031,peptidoglycan recognition protein 2 [Source:HGNC Symbol;Acc:HGNC:30013],340,374,417,132,176,157,338,296,332
UGT2B28,-1.110283039,1.37E-35,Down,ENSG00000135226,UDP glucuronosyltransferase family 2 member B28 [Source:HGNC Symbol;Acc:HGNC:13479],830.29,868.87,1026.52,446.36,378.33,409.57,704.9,645.45,680.43
UGT2B24P,-1.138226557,1.19E-06,Down,ENSG00000249956,"UDP glucuronosyltransferase family 2 member B24, pseudogene [Source:HGNC Symbol;Acc:HGNC:12548]",78.39,90.1,83.72,32.09,34.99,32.06,67.79,60.86,50.25
PDE3A,-1.606284864,4.83E-30,Down,ENSG00000172572,phosphodiesterase 3A [Source:HGNC Symbol;Acc:HGNC:8778],288,308,304,113,91,81,230,202,227
CHRNA2,-1.021823491,3.84E-43,Down,ENSG00000120903,cholinergic receptor nicotinic alpha 2 subunit [Source:HGNC Symbol;Acc:HGNC:1956],1166,1166,1137,622,557,511,870,842,846
EMP1,-1.216971926,8.50E-27,Down,ENSG00000134531,epithelial membrane protein 1 [Source:HGNC Symbol;Acc:HGNC:3333],389,416,395,174,173,154,304,291,301
TMEM100,-1.522657335,2.15E-10,Down,ENSG00000166292,transmembrane protein 100 [Source:HGNC Symbol;Acc:HGNC:25607],108,133,134,38,55,23,79,49,65
TTN,-2.055869022,1.97E-20,Down,ENSG00000155657,titin [Source:HGNC Symbol;Acc:HGNC:12403],144,187,174,51,43,20,116,93,116
CCDC141,-1.65237699,7.86E-76,Down,ENSG00000163492,coiled-coil domain containing 141 [Source:HGNC Symbol;Acc:HGNC:26821],777,887,993,289,273,268,615,611,592
TBX15,-1.128451521,1.31E-07,Down,ENSG00000092607,T-box transcription factor 15 [Source:HGNC Symbol;Acc:HGNC:11594],121,109,114,40,49,51,102,75,75
STEAP4,-1.972201992,6.08E-20,Down,ENSG00000127954,STEAP4 metalloreductase [Source:HGNC Symbol;Acc:HGNC:21923],151,166,170,30,55,31,107,128,123
SLC2A3,-1.57491637,1.31E-09,Down,ENSG00000059804,solute carrier family 2 member 3 [Source:HGNC Symbol;Acc:HGNC:11007],88,93,113,31,23,31,56,85.73,58
SLC38A4,-1.570445847,1.95E-17,Down,ENSG00000139209,solute carrier family 38 member 4 [Source:HGNC Symbol;Acc:HGNC:14679],180,201,178,61,63,52,115,141,107
CRISPLD2,-1.080144752,3.42E-31,Down,ENSG00000103196,cysteine rich secretory protein LCCL domain containing 2 [Source:HGNC Symbol;Acc:HGNC:25248],578,713,652,318,321,262,506,505,483
DOCK8,-1.017005714,2.74E-06,Down,ENSG00000107099,dedicator of cytokinesis 8 [Source:HGNC Symbol;Acc:HGNC:19191],104,132,123,62,41,53,83,83,120
IGFBP5,-1.280404443,9.96E-82,Down,ENSG00000115461,insulin like growth factor binding protein 5 [Source:HGNC Symbol;Acc:HGNC:5474],1288,1425,1409,629,578,475,1040,1015,1010
MAF,-1.080682978,1.89E-113,Down,ENSG00000178573,MAF bZIP transcription factor [Source:HGNC Symbol;Acc:HGNC:6776],4460,4810,5091,2384,2334,2033,3616,3692,3894
PGC,-1.025734415,9.73E-72,Down,ENSG00000096088,progastricsin [Source:HGNC Symbol;Acc:HGNC:8890],1633,1790,1857,876,933,765,1438,1258,1273