"pathway","pval","padj","log2err","ES","NES","size","leadingEdge"
"HALLMARK_FATTY_ACID_METABOLISM",9.64226153176864e-06,0.000482113076588432,0.593325476396405,0.696459569045311,2.18997815536887,137,"AADAT;ACAA1;ACAA2;ACADL;ACADM;ACADS;ACADVL;ACAT2;ACO2;ACOT2;ACOT8;ACOX1;ACSL1;ACSL4;ACSL5;ACSM3;ACSS1;ADH1C;ADIPOR2;ADSL;ALAD;ALDH1A1;ALDH3A2;ALDH9A1;ALDOA;AOC3;APEX1"
"HALLMARK_BILE_ACID_METABOLISM",2.29234935390556e-05,0.00057308733847639,0.575610261071129,0.762233142930153,2.24306801095403,84,"ABCA1;ABCA2;ABCA3;ABCA4;ABCA5;ABCD1;ABCD3;ACSL1;ACSL5;AKR1D1;ALDH1A1;ALDH9A1;AMACR;APOA1;AR"
"HALLMARK_OXIDATIVE_PHOSPHORYLATION",0.00030977346686125,0.00516289111435417,0.49849310876659,0.564516266255131,1.84869227428931,198,"ABCB7;ACAA1;ACAA2;ACADM;ACADSB;ACADVL;ACAT1;ACO2;AFG3L2;AIFM1;ALAS1;ALDH6A1;ATP1B1;ATP5F1A;ATP5F1B;ATP5F1C;ATP5F1D;ATP5F1E;ATP5MC1;ATP5MC2;ATP5MC3;ATP5ME;ATP5MF;ATP5MG;ATP5PB;ATP5PD;ATP5PF;ATP5PO;ATP6AP1;ATP6V0B;ATP6V0C;ATP6V0E1;ATP6V1C1;ATP6V1D;ATP6V1E1;ATP6V1F;ATP6V1G1;ATP6V1H;BAX;BCKDHA;BDH2"
"HALLMARK_ADIPOGENESIS",0.00184005331366803,0.0205876012591066,0.45505986738723,0.545189123552531,1.76788463332164,172,"ABCA1;ABCB8;ACAA2;ACADL;ACADM;ACADS;ACLY;ACO2;ACOX1;ADCY6;ADIPOR2;AGPAT3;AIFM1;AK2;ALDH2;ALDOA;APLP2;APOE;ARAF;ARL4A;ATL2;ATP1B3;ATP5PO;BAZ2A;BCKDHA;BCL2L13;BCL6;CAT;CAVIN1;CCNG2;CD151;CD302;CDKN2C;CHCHD10;CHUK;CMBL;CMPK1;COQ3;COQ5;COQ9;COX6A1;COX7B;COX8A;CPT2;CRAT;CS;CYC1;CYP4B1;DBT;DDT;DECR1;DGAT1;DHCR7;DHRS7;DHRS7B;DLAT;DLD;DNAJB9;DNAJC15"
"HALLMARK_PEROXISOME",0.00205876012591066,0.0205876012591066,0.431707695803346,0.655228071870699,1.95470376024973,94,"ABCB9;ABCC5;ABCC8;ABCD1;ABCD3;ACAA1;ACOT8;ACOX1;ACSL1;ACSL4;ACSL5;ALB;ALDH1A1;ALDH9A1"
"HALLMARK_XENOBIOTIC_METABOLISM",0.00400754420684696,0.0333962017237247,0.407017918923954,0.583809955121738,1.83587256592447,139,"ABHD6;ACO2;ACOX1;ACOX2;ACOX3;ACP1;ACP2;ACSM1;ADH1C;ADH5;AHCY;AKR1C2;AKR1C3;ALAS1;ALDH2;ALDH9A1;ANGPTL3;AOX1;AP4B1;APOE;ARG1;ARG2;ARPP19;ASL;ATOH8;ATP2A2;BCAR1;BCAT1;BLVRB;BPHL;CASP6;CAT;CBR1;CNDP2;COMT;CROT;CSAD;CYB5A;CYFIP2;CYP1A1;CYP1A2;CYP2E1;CYP2J2;CYP2S1;DCXR;DDAH2;DDC;DDT;DHPS;DHRS1;DHRS7"
"HALLMARK_MITOTIC_SPINDLE",0.0048523355068509,0.0346595393346492,0.407017918923954,0.502988546276602,1.64712288847897,195,"ABI1;ABL1;ABR;ACTN4;AKAP13;ALMS1;ALS2;ANLN;APC;ARF6;ARFGEF1;ARFIP2;ARHGAP10;ARHGAP27;ARHGAP29;ARHGAP4;ARHGAP5;ARHGDIA;ARHGEF11;ARHGEF12;ARHGEF2;ARHGEF3;ARHGEF7;ARL8A;ATG4B;AURKA;BCAR1;BCL2L11;BCR;BIN1;BIRC5;BRCA2;BUB1;CAPZB;CCDC88A;CCNB2;CD2AP;CDC27;CDC42;CDC42BPA;CDC42EP1;CDC42EP2;CDC42EP4;CDK1;CDK5RAP2;CENPE;CENPF;CENPJ;CEP131;CEP192;CEP250;CEP57;CEP72;CKAP5;CLASP1;CLIP1;CLIP2;CNTRL;CNTROB"
"HALLMARK_INFLAMMATORY_RESPONSE",0.00812548479684166,0.0507842799802604,0.380730400722792,0.56369367720295,1.73199497360958,111,"ABCA1;ABI1;ACVR1B;ACVR2A;ADM;ADORA2B;ADRM1;AHR;ATP2A2;ATP2B1;ATP2C1;BDKRB1;BEST1;BST2;BTG2;CALCRL;CD14;CD55;CD82;CDKN1A"
"HALLMARK_CHOLESTEROL_HOMEOSTASIS",0.0126131040099061,0.0700728000550337,0.380730400722792,0.571429933942972,1.62645380163407,69,"ABCA2;ACAT2;ACSS2;ACTG1;ALCAM;ALDOC;ANTXR2;ANXA5;ATF3;ATF5;ATXN2"
"HALLMARK_ESTROGEN_RESPONSE_EARLY",0.0271607988611505,0.135803994305752,0.352487857583619,0.479525075872443,1.55401463861191,171,"ABAT;ABCA3;ABHD2;ABLIM1;ADCY1;ADCY9;ADD3;AFF1;AKAP1;ALDH3B1;AMFR;ANXA9;AQP3;AR;ARL3;ASB13;B4GALT1;BAG1;BCL11B;BCL2;BHLHE40;BLVRB"
"HALLMARK_HEME_METABOLISM",0.0302871990385789,0.137669086538995,0.352487857583619,0.45940376204917,1.47205541446237,159,"ABCB6;ABCG2;ACSL6;ADD1;ADD2;ADIPOR1;ALAD;ALDH1L1;ALDH6A1;ANK1;AQP3;ARHGEF12;ARL2BP;ASNS;ATG4A;ATP6V0A1;BACH1;BCAM;BLVRA;BLVRB;BMP2K;BNIP3L;BPGM;BSG;BTG2;BTRC;CAST;CAT;CCDC28A;CCND3;CDC27;CDR2;CIR1;CLCN3;CLIC2;CPOX;CTNS;CTSB;DAAM1;DCAF10;DCAF11;DCUN1D1"
"HALLMARK_ALLOGRAFT_REJECTION",0.044110707004101,0.137845959387816,0.321775918075361,0.514290746718632,1.55366281944817,100,"AARS1;ABCE1;ABI1;ACHE;ACVR2A;AKT1;APBB1;B2M;BCAT1;BCL10;BCL3;BRCA1;C2;CAPG;CCND3;CD4;CD47;CD86;CDKN2A"
"HALLMARK_COAGULATION",0.0420032310177706,0.137845959387816,0.282013350011725,0.513760381803076,1.49015384921997,74,"ACOX2;ADAM9;ANG;ANXA1;APOA1;ARF4;BMP1;C1R;C1S;C2;C8G;CAPN2;CAPN5;CASP9;CD9;CFD;CLU;CPQ;CRIP2;CSRP1;CTSB;CTSH;CTSK;CTSO;CTSV"
"HALLMARK_GLYCOLYSIS",0.0409841233922524,0.137845959387816,0.321775918075361,0.442212258041876,1.43628179533528,173,"ABCB6;ADORA2B;AGL;AGRN;AK3;AK4;AKR1A1;ALDH9A1;ALDOA;ALG1;ANG;ANKZF1;ARPP19;ARTN;AURKA;B3GALT6;B3GAT1;B3GAT3;B4GALT1;B4GALT2;B4GALT4;B4GALT7;BIK;BPNT1;CACNA1H;CAPN5;CASP6;CDK1;CENPA;CHPF;CHPF2;CHST12;CHST2;CITED2;CLDN3;CLDN9;CLN6;COG2;COPB2"
"HALLMARK_MYOGENESIS",0.0387186460663974,0.137845959387816,0.321775918075361,0.474088867680457,1.47856829206121,128,"ABLIM1;ACHE;ACSL1;ADAM12;ADCY9;AGL;AGRN;AK1;AKT2;ANKRD2;APOD;APP;ATP2A1;ATP6AP1;BAG1;BDKRB2;BHLHE40;BIN1;CACNA1H;CAMK2B;CDKN1A;CFD;CHRNB1;CKB;CLU;COL1A1;COL3A1;COL4A2;COL6A2;CRAT;CRYAB"
"HALLMARK_UV_RESPONSE_DN",0.0409828692771975,0.137845959387816,0.321775918075361,0.470979189801501,1.46886996032681,128,"ABCC1;ACVR2A;ADD3;ADGRL2;ADORA2B;AGGF1;ANXA2;ANXA4;APBB2;ARHGEF9;ATP2B1;ATP2B4;ATP2C1;ATRN;ATRX;ATXN1;BCKDHB;BHLHE40;BMPR1A;CAP2;CCN1;CDC42BPA;CDK13;CDKN1B;CDON;CITED2;COL1A1;COL3A1;COL5A2"
"HALLMARK_ANDROGEN_RESPONSE",0.0554927245435875,0.138731811358969,0.321775918075361,0.492529294492354,1.48740472560225,101,"ABCC4;ABHD2;ACSL3;ACTN1;ADAMTS1;ADRM1;AKAP12;AKT1;ALDH1A3;ANKH;APPBP2;ARID5B;AZGP1;B2M;B4GALT1;BMPR1B;CAMKK2;CCND1;CCND3;CDC14B;CDK6;CENPN"
"HALLMARK_APICAL_JUNCTION",0.0510948905109489,0.138731811358969,0.241339976815091,0.44204039727229,1.40114173927297,147,"ACTB;ACTG1;ACTN1;ACTN4;ADAM15;ADAM23;ADAM9;ADAMTS5;AKT2;ALOX15B;AMH;AMIGO1;AMIGO2;ARHGEF6;ARPC2;ATP1A3;B4GALT1;BAIAP2;BMP1;CADM2;CAP1;CD274;CD276;CD34;CD86;CD99;CDH1;CDH15;CDH3;CDH8;CDK8;CERCAM;CLDN14;CLDN15;CLDN4;CLDN7;CLDN8;CLDN9;CNN2;COL16A1;CRAT;CRB3;CTNNA1;CTNND1"
"HALLMARK_APICAL_SURFACE",0.0535714285714286,0.138731811358969,0.261663521711573,0.603436606212317,1.52620375035066,32,"ADAM10;ADIPOR2;AFAP1L2;AKAP7;APP;ATP8B1;B4GALT1;BRCA1"
"HALLMARK_APOPTOSIS",0.0520833333333333,0.138731811358969,0.241339976815091,0.457042764341995,1.42069519743184,118,"ADD1;ANKH;ANXA1;APP;ATF3;BAX;BCAP31;BCL10;BCL2L1;BCL2L11;BCL2L2;BGN;BID;BIK;BIRC3;BMF;BNIP3L;BRCA1;BTG2;BTG3;CASP2;CASP3;CASP4;CASP6;CASP7;CASP8;CASP9;CCND1;CD14;CDC25B;CDK2;CDKN1A;CDKN1B;CFLAR;CLU;CREBBP;CTH;CTNNB1;CYLD;DAP;DAP3;DDIT3;DFFA;DIABLO;DNAJA1;DNAJC3;DNM1L"
"HALLMARK_UV_RESPONSE_UP",0.0583832335329341,0.139007698887938,0.227987202850442,0.440825512911967,1.38457655808196,138,"ACAA1;AGO2;ALAS1;ALDOA;AMD1;AP2S1;APOM;AQP3;ARRB2;ASNS;ATF3;ATP6V1C1;ATP6V1F;BAK1;BCL2L11;BID;BSG;BTG1;BTG2;BTG3;CASP3;CCND3;CCNE1;CDC34;CDC5L;CDK2;CDKN1C;CDKN2B;CEBPG;CHKA;CHRNA5;CLCN2;CLTB;CNP;CREG1;CTSV;CYB5B;CYB5R1;CYP1A1;DDX21;DGAT1;DLG4;DNAJA1;DNAJB1"
"HALLMARK_COMPLEMENT",0.0955223880597015,0.214460784313726,0.175204047558551,0.419937083528642,1.3151147288779,131,"ADAM9;ADRA2B;AKAP10;ANG;ANXA5;APOBEC3F;ATOX1;BRPF3;C1R;C1S;C2;CALM1;CALM3;CASP10;CASP3;CASP4;CASP7;CASP9;CBLB;CD46;CD55;CD59;CDK5R1;CEBPB;CLU;COL4A2;CP;CPQ;CSRP1;CTSB;CTSC;CTSD;CTSH;CTSL;CTSO;CTSV;DGKH;DOCK10;DOCK4;DOCK9;DPP4;DUSP5;DUSP6;DYRK2"
"HALLMARK_ESTROGEN_RESPONSE_LATE",0.0998552821997106,0.214460784313726,0.16823816568964,0.40087778346369,1.28856823193899,162,"ABCA3;ABHD2;ACOX2;ADD3;AFF1;AGR2;ALDH3A2;ALDH3B1;AMFR;ANXA9;ARL3;ASS1;ATP2B4;BAG1;BCL2;BLVRB;BTG3;CA12;CACNA2D2;CCND1;CD9;CDC20;CDC6;CDH1;CELSR2;CHPT1;CISH;CKB"
"HALLMARK_PI3K_AKT_MTOR_SIGNALING",0.102941176470588,0.214460784313726,0.176694268938498,0.453750897609827,1.33925957534355,90,"ACACA;ACTR2;ACTR3;AKT1;AKT1S1;AP2M1;ARF1;ARHGDIA;ARPC3;ATF1;CAB39;CAB39L;CALR;CDK1;CDK2;CDK4;CDKN1A;CDKN1B;CFL1"
"HALLMARK_MTORC1_SIGNALING",0.116642958748222,0.233285917496444,0.153158808683073,0.378699856778807,1.23841204187907,196,"ABCF2;ACACA;ACLY;ACSL3;ACTR2;ACTR3;ADD3;ADIPOR2;AK4;ALDOA;ARPC5L;ASNS;ATP2A2;ATP5MC1;ATP6V1D;AURKA;BCAT1;BHLHE40;BTG2;BUB1;CACYBP;CALR;CANX;CCNF;CCNG1;CCT6A;CD9;CDC25A;CDKN1A;CFP;COPS5;CORO1A;CTH;CTSC;CXCR4;CYB5B;CYP51A1;DDIT3;DDIT4;DDX39A;DHCR24;DHCR7;DHFR"
"HALLMARK_DNA_REPAIR",0.128467153284672,0.235415709692237,0.147331213699377,0.39347167084504,1.24719275578531,147,"AAAS;ADA;ADCY6;ADRM1;AGO4;AK1;AK3;ALYREF;APRT;ARL6IP1;BCAM;BCAP31;BOLA2;BRF2"
"HALLMARK_P53_PATHWAY",0.123595505617978,0.235415709692237,0.147331213699377,0.382330171056609,1.24663705462885,181,"ABAT;ABCC5;ABHD4;ACVR1B;ADA;AEN;AK1;ALOX15B;ANKRA2;APAF1;APP;ATF3;BAIAP2;BAK1;BAX;BLCAP;BTG1;BTG2;CCND3;CCNG1;CCNK;CCP110;CD81;CD82;CDK5R1;CDKN1A;CDKN2A;CDKN2AIP;CDKN2B;CEBPA"
"HALLMARK_PROTEIN_SECRETION",0.131832797427653,0.235415709692237,0.153158808683073,0.432697759765191,1.28293491868514,93,"ABCA1;ADAM10;ANP32E;AP1G1;AP2B1;AP2M1;AP2S1;AP3B1;AP3S1;ARCN1;ARF1;ARFGAP3;ARFGEF1;ARFGEF2;ARFIP1;ATP1A1;ATP6V1H;ATP7A;BET1;BNIP3;CAV2;CD63;CLCN3;CLN5;CLTA;CLTC;COG2;COPB1;COPB2;COPE"
"HALLMARK_PANCREAS_BETA_CELLS",0.153119092627599,0.263998435564826,0.154190966581424,0.571165747400037,1.29194568350372,17,"ABCC8"
"HALLMARK_HEDGEHOG_SIGNALING",0.194594594594595,0.304710410557185,0.131457611642763,0.495561804940205,1.22254591798287,29,"ACHE;ADGRG1;AMOT;CDK5R1;CDK6;CELSR1"
"HALLMARK_IL2_STAT5_SIGNALING",0.195014662756598,0.304710410557185,0.116739204791222,0.369246646252506,1.17090519122733,145,"AGER;AHCY;AHNAK;AHR;ALCAM;AMACR;ANXA4;APLP1;ARL4A;BATF3;BCL2;BCL2L1;BHLHE40;BMPR2;CAPG;CAPN3;CASP3;CCND3;CCNE1;CD81;CD83;CD86;CDC42SE2;CDC6;CDCP1;CDKN1C;CISH;CKAP4"
"HALLMARK_KRAS_SIGNALING_UP",0.193740685543964,0.304710410557185,0.118287526124085,0.377371442923634,1.17532051217383,120,"ADAM17;ADAM8;ADGRA2;AKAP12;AKT2;ALDH1A2;ALDH1A3;AMMECR1;ANKH;APOD;ARG1;ATG10;AVL9;BIRC3;BPGM;BTBD3;BTC;CAB39L;CBL;CBR4;CBX8;CCSER2;CDADC1"
"HALLMARK_G2M_CHECKPOINT",0.279661016949153,0.423728813559322,0.0919686140000427,0.330415739125243,1.08236655386049,197,"ABL1;AMD1;ARID4A;ATF5;ATRX;AURKA;AURKB;BARD1;BCL3;BIRC5;BRCA2;BUB1;BUB3;CASP8AP2;CBX1;CCNA2;CCNB2;CCND1;CCNF;CCNT1;CDC20;CDC25A;CDC25B;CDC27;CDC45;CDC6;CDC7;CDK1;CDK4;CDKN1B;CDKN2C;CDKN3;CENPA;CENPE;CENPF;CHAF1A;CHEK1;CHMP1A;CKS1B;CKS2;CTCF;CUL1;CUL3;CUL4A;CUL5;DBF4;DDX39A;DKC1;DMD;DR1;DTYMK;E2F1;E2F2;E2F3;E2F4;EFNA5;EGF"
"HALLMARK_HYPOXIA",0.306034482758621,0.437192118226601,0.0878312634480124,0.331480435000352,1.0677360962836,163,"ACKR3;ADM;ADORA2B;AK4;AKAP12;ALDOA;ALDOC;ANKZF1;ANXA2;ATF3;ATP7A;B3GALT6;BCL2;BGN;BHLHE40;BNIP3L;BTG1;CA12;CASP6;CAVIN1;CCN1;CCNG2;CDKN1A;CDKN1B;CDKN1C;CHST2;CHST3;CITED2"
"HALLMARK_WNT_BETA_CATENIN_SIGNALING",0.302120141342756,0.437192118226601,0.100633389423036,0.42632841387555,1.11255431703352,36,"ADAM17;AXIN1;AXIN2;CSNK1E;CTNNB1;CUL1;DLL1;DVL2;FRAT1;FZD1;FZD8;GNAI1;HDAC11;HDAC2;HDAC5;HEY1;HEY2"
"HALLMARK_REACTIVE_OXYGEN_SPECIES_PATHWAY",0.332752613240418,0.458986683476479,0.0940503465727813,0.396003803546103,1.0636980073403,44,"ABCC1;ATOX1;CAT;CDKN2D"
"HALLMARK_TNFA_SIGNALING_VIA_NFKB",0.339650145772595,0.458986683476479,0.0828962134571565,0.331233471515399,1.05372149500551,152,"ABCA1;ACKR3;ATF3;ATP2B1;B4GALT1;B4GALT5;BCL3;BCL6;BHLHE40;BIRC2;BIRC3;BTG1;BTG2;BTG3;CCN1;CCND1;CCNL1;CD83;CDKN1A;CEBPB;CEBPD;CFLAR"
"HALLMARK_EPITHELIAL_MESENCHYMAL_TRANSITION",0.432392273402675,0.568937201845625,0.0713052987340038,0.318974684281768,0.991708203457153,119,"ACTA2;ADAM12;APLP1;BASP1;BGN;BMP1;CADM1;CALD1;CALU;CAP2;CAPG;CCN1;CD59;COL16A1;COL1A1;COL3A1;COL4A2;COL5A2;COL6A2;COL7A1;COLGALT1;COPA;CRLF1;DAB2;DPYSL3;DST;ECM1;ELN;EMP3;ENO2;FAS;FBLN1;FBLN2;FBN1;FERMT2;FLNA;FN1;FSTL1;FSTL3;FUCA1;FZD8;GADD45A;GADD45B;GAS1;GEM"
"HALLMARK_UNFOLDED_PROTEIN_RESPONSE",0.504587155963303,0.646906610209363,0.0650877566917313,0.314555541564123,0.964882560464895,110,"ALDH18A1;ARFGAP1;ASNS;ATF3;ATF4;ATF6;ATP6V0D1;BAG3;BANF1;CALR;CEBPB;CEBPG;CHAC1;CKS1B;CNOT2;CNOT4;CNOT6;CXXC1;DCP1A;DCP2;DCTN1;DDIT4;DDX10;DKC1;DNAJB9;DNAJC3;EDC4;EDEM1;EEF2;EIF2AK3;EIF2S1;EIF4A1;EIF4A2;EIF4A3;EIF4E;EIF4EBP1;EIF4G1;ERN1;ERO1A;EXOC2;EXOSC1;EXOSC10;EXOSC2;EXOSC4;EXOSC5;EXOSC9"
"HALLMARK_TGF_BETA_SIGNALING",0.578498293515358,0.723122866894198,0.0637845390312975,0.329009076525856,0.89707205911218,48,"ACVR1;APC;ARID4B;BCAR3;BMPR1A;BMPR2;CDH1;CDK9;CDKN1C"
"HALLMARK_KRAS_SIGNALING_DN",0.603975535168196,0.736555530692922,0.0565299525056311,0.299800834598772,0.908812789617042,102,"ABCB11;ADRA2C;ARHGDIG;ASB7;BARD1;BMPR1B;BRDT;BTG2;C5;CAMK1D;CAPN9;CCDC106;CDKAL1;CELSR2;CHST2;CLDN8;CLSTN3;COQ8A;CPEB3"
"HALLMARK_SPERMATOGENESIS",0.623164763458401,0.741862813640954,0.0580983576873206,0.307275886320911,0.883345054218724,72,"AGFG1;ALOX15;ARL4A;AURKA;BRAF;BUB1;CCNB2;CCT6B;CDK1;CDKN3;CHFR;CLGN;CLPB;CNIH2;COIL;CSNK2A2;DBF4;DMC1;DMRT1"
"HALLMARK_NOTCH_SIGNALING",0.751351351351351,0.873664362036455,0.0540088272801684,0.31814183596017,0.784852664219376,29,"APH1A;ARRB1;CCND1;CUL1;DLL1;DTX2;DTX4;FBXW11;FZD1;FZD5;FZD7"
"HALLMARK_E2F_TARGETS",0.798307475317348,0.907167585587896,0.0400031517498194,0.256337085008879,0.840439668448875,200,"AK2;ANP32E;ASF1A;ASF1B;ATAD2;AURKA;AURKB;BARD1;BIRC5;BRCA1;BRCA2;BRMS1L;BUB1B;CBX5;CCNB2;CCNE1;CCP110;CDC20;CDC25A;CDC25B;CDCA3;CDCA8;CDK1;CDK4;CDKN1A;CDKN1B;CDKN2A;CDKN2C;CDKN3;CENPE;CENPM;CHEK1;CHEK2;CIT;CKS1B;CKS2;CNOT9;CSE1L;CTCF;CTPS1;DCK;DCLRE1B;DCTPP1;DDX39A;DEK;DEPDC1;DIAPH3;DLGAP5;DNMT1;DONSON;DSCC1;DUT;E2F8;EED"
"HALLMARK_ANGIOGENESIS",0.970786516853933,0.990598486585646,0.0523759084097997,-0.230754080082796,-0.567888331120249,20,"VEGFA;VAV2;TNFRSF21;STC1;SLCO2A1"
"HALLMARK_IL6_JAK_STAT3_SIGNALING",0.932231404958678,0.990598486585646,0.0401660980049421,0.242291409054219,0.670096661737906,52,"ACVR1B;BAK1;CBL;CD14;CD9"
"HALLMARK_INTERFERON_GAMMA_RESPONSE",0.928571428571429,0.990598486585646,0.0344919215094074,0.236814898844326,0.751037473179937,150,"ADAR;APOL6;ARID5B;ARL4A;AUTS2;B2M;BANK1;BATF2;BPGM;BST2;BTG1;C1R;C1S;CASP3;CASP4;CASP7;CASP8;CD274;CD86;CDKN1A;CIITA;CMPK2;CMTR1"
"HALLMARK_MYC_TARGETS_V1",0.966149506346968,0.990598486585646,0.0309900819310557,0.222860443246002,0.730681465873546,200,"ABCE1;ACP1;AIMP2;AP3S1;APEX1;BUB3;C1QBP;CAD;CANX;CBX3;CCNA2;CCT2;CCT3;CCT4;CCT5;CCT7;CDC20;CDC45;CDK2;CDK4;CLNS1A;CNBP;COPS5;COX5A;CSTF2;CTPS1;CUL1;CYC1;DDX18;DDX21;DEK;DHX15;DUT;EEF1B2;EIF1AX;EIF2S1;EIF2S2;EIF3B;EIF3D;EIF3J;EIF4A1;EIF4E;EIF4G2;EIF4H"
"HALLMARK_MYC_TARGETS_V2",0.966019417475728,0.990598486585646,0.0561766586307176,-0.217197856705706,-0.686649200536493,58,"WDR74;WDR43;UTP20;UNG;TMEM97;TFB2M;TCOF1;TBRG4;SUPV3L1;SRM;SORD;SLC29A2;SLC19A1"
"HALLMARK_INTERFERON_ALPHA_RESPONSE",0.997311827956989,0.997311827956989,0.059476028695732,-0.190427540853114,-0.633535637252008,85,"WARS1;USP18;UBE2L6;UBA7;TXNIP;TRIM5;TRIM26;TRIM25;TRIM21;TRIM14;TRAFD1;TMEM140;TENT5A;TDRD7;TAP1"
