FILE_NAME,FILE_TEXT,MS_FILE,INLET_FILE,SAMPLE_LOCATION,ID,INJ_VOL,Index,Job,User,1536loc,384loc,384plate
cernak-2024-Q4_ykao_yk-1536-4-make-product_1_A25_3_A1,cernak-2024-Q4_ykao_yk-1536-4-make-product_1_A25_3_A1,2min melodie,2m melodie,"6:A,1",ID_A25,0.2,A25,cernak-2024-Q4_ykao_yk-1536-4-make-product,ykao,A25,A1,3.0
cernak-2024-Q4_ykao_yk-1536-4-make-product_1_A26_3_A2,cernak-2024-Q4_ykao_yk-1536-4-make-product_1_A26_3_A2,2min melodie,2m melodie,"6:A,2",ID_A26,0.2,A26,cernak-2024-Q4_ykao_yk-1536-4-make-product,ykao,A26,A2,3.0
cernak-2024-Q4_ykao_yk-1536-4-make-product_1_A27_3_A3,cernak-2024-Q4_ykao_yk-1536-4-make-product_1_A27_3_A3,2min melodie,2m melodie,"6:A,3",ID_A27,0.2,A27,cernak-2024-Q4_ykao_yk-1536-4-make-product,ykao,A27,A3,3.0
cernak-2024-Q4_ykao_yk-1536-4-make-product_1_A28_3_A4,cernak-2024-Q4_ykao_yk-1536-4-make-product_1_A28_3_A4,2min melodie,2m melodie,"6:A,4",ID_A28,0.2,A28,cernak-2024-Q4_ykao_yk-1536-4-make-product,ykao,A28,A4,3.0
cernak-2024-Q4_ykao_yk-1536-4-make-product_1_A29_3_A5,cernak-2024-Q4_ykao_yk-1536-4-make-product_1_A29_3_A5,2min melodie,2m melodie,"6:A,5",ID_A29,0.2,A29,cernak-2024-Q4_ykao_yk-1536-4-make-product,ykao,A29,A5,3.0
cernak-2024-Q4_ykao_yk-1536-4-make-product_1_A30_3_A6,cernak-2024-Q4_ykao_yk-1536-4-make-product_1_A30_3_A6,2min melodie,2m melodie,"6:A,6",ID_A30,0.2,A30,cernak-2024-Q4_ykao_yk-1536-4-make-product,ykao,A30,A6,3.0
cernak-2024-Q4_ykao_yk-1536-4-make-product_1_A31_3_A7,cernak-2024-Q4_ykao_yk-1536-4-make-product_1_A31_3_A7,2min melodie,2m melodie,"6:A,7",ID_A31,0.2,A31,cernak-2024-Q4_ykao_yk-1536-4-make-product,ykao,A31,A7,3.0
cernak-2024-Q4_ykao_yk-1536-4-make-product_1_A32_3_A8,cernak-2024-Q4_ykao_yk-1536-4-make-product_1_A32_3_A8,2min melodie,2m melodie,"6:A,8",ID_A32,0.2,A32,cernak-2024-Q4_ykao_yk-1536-4-make-product,ykao,A32,A8,3.0
cernak-2024-Q4_ykao_yk-1536-4-make-product_1_A33_3_A9,cernak-2024-Q4_ykao_yk-1536-4-make-product_1_A33_3_A9,2min melodie,2m melodie,"6:A,9",ID_A33,0.2,A33,cernak-2024-Q4_ykao_yk-1536-4-make-product,ykao,A33,A9,3.0
cernak-2024-Q4_ykao_yk-1536-4-make-product_1_A34_3_A10,cernak-2024-Q4_ykao_yk-1536-4-make-product_1_A34_3_A10,2min melodie,2m melodie,"6:A,10",ID_A34,0.2,A34,cernak-2024-Q4_ykao_yk-1536-4-make-product,ykao,A34,A10,3.0
cernak-2024-Q4_ykao_yk-1536-4-make-product_1_A35_3_A11,cernak-2024-Q4_ykao_yk-1536-4-make-product_1_A35_3_A11,2min melodie,2m melodie,"6:A,11",ID_A35,0.2,A35,cernak-2024-Q4_ykao_yk-1536-4-make-product,ykao,A35,A11,3.0
cernak-2024-Q4_ykao_yk-1536-4-make-product_1_A36_3_A12,cernak-2024-Q4_ykao_yk-1536-4-make-product_1_A36_3_A12,2min melodie,2m melodie,"6:A,12",ID_A36,0.2,A36,cernak-2024-Q4_ykao_yk-1536-4-make-product,ykao,A36,A12,3.0
cernak-2024-Q4_ykao_yk-1536-4-make-product_1_A37_3_A13,cernak-2024-Q4_ykao_yk-1536-4-make-product_1_A37_3_A13,2min melodie,2m melodie,"6:A,13",ID_A37,0.2,A37,cernak-2024-Q4_ykao_yk-1536-4-make-product,ykao,A37,A13,3.0
cernak-2024-Q4_ykao_yk-1536-4-make-product_1_A38_3_A14,cernak-2024-Q4_ykao_yk-1536-4-make-product_1_A38_3_A14,2min melodie,2m melodie,"6:A,14",ID_A38,0.2,A38,cernak-2024-Q4_ykao_yk-1536-4-make-product,ykao,A38,A14,3.0
cernak-2024-Q4_ykao_yk-1536-4-make-product_1_A39_3_A15,cernak-2024-Q4_ykao_yk-1536-4-make-product_1_A39_3_A15,2min melodie,2m melodie,"6:A,15",ID_A39,0.2,A39,cernak-2024-Q4_ykao_yk-1536-4-make-product,ykao,A39,A15,3.0
cernak-2024-Q4_ykao_yk-1536-4-make-product_1_A40_3_A16,cernak-2024-Q4_ykao_yk-1536-4-make-product_1_A40_3_A16,2min melodie,2m melodie,"6:A,16",ID_A40,0.2,A40,cernak-2024-Q4_ykao_yk-1536-4-make-product,ykao,A40,A16,3.0
cernak-2024-Q4_ykao_yk-1536-4-make-product_1_A41_3_A17,cernak-2024-Q4_ykao_yk-1536-4-make-product_1_A41_3_A17,2min melodie,2m melodie,"6:A,17",ID_A41,0.2,A41,cernak-2024-Q4_ykao_yk-1536-4-make-product,ykao,A41,A17,3.0
cernak-2024-Q4_ykao_yk-1536-4-make-product_1_A42_3_A18,cernak-2024-Q4_ykao_yk-1536-4-make-product_1_A42_3_A18,2min melodie,2m melodie,"6:A,18",ID_A42,0.2,A42,cernak-2024-Q4_ykao_yk-1536-4-make-product,ykao,A42,A18,3.0
cernak-2024-Q4_ykao_yk-1536-4-make-product_1_A43_3_A19,cernak-2024-Q4_ykao_yk-1536-4-make-product_1_A43_3_A19,2min melodie,2m melodie,"6:A,19",ID_A43,0.2,A43,cernak-2024-Q4_ykao_yk-1536-4-make-product,ykao,A43,A19,3.0
cernak-2024-Q4_ykao_yk-1536-4-make-product_1_A44_3_A20,cernak-2024-Q4_ykao_yk-1536-4-make-product_1_A44_3_A20,2min melodie,2m melodie,"6:A,20",ID_A44,0.2,A44,cernak-2024-Q4_ykao_yk-1536-4-make-product,ykao,A44,A20,3.0
cernak-2024-Q4_ykao_yk-1536-4-make-product_1_A45_3_A21,cernak-2024-Q4_ykao_yk-1536-4-make-product_1_A45_3_A21,2min melodie,2m melodie,"6:A,21",ID_A45,0.2,A45,cernak-2024-Q4_ykao_yk-1536-4-make-product,ykao,A45,A21,3.0
cernak-2024-Q4_ykao_yk-1536-4-make-product_1_A46_3_A22,cernak-2024-Q4_ykao_yk-1536-4-make-product_1_A46_3_A22,2min melodie,2m melodie,"6:A,22",ID_A46,0.2,A46,cernak-2024-Q4_ykao_yk-1536-4-make-product,ykao,A46,A22,3.0
cernak-2024-Q4_ykao_yk-1536-4-make-product_1_A47_3_A23,cernak-2024-Q4_ykao_yk-1536-4-make-product_1_A47_3_A23,2min melodie,2m melodie,"6:A,23",ID_A47,0.2,A47,cernak-2024-Q4_ykao_yk-1536-4-make-product,ykao,A47,A23,3.0
cernak-2024-Q4_ykao_yk-1536-4-make-product_1_A48_3_A24,cernak-2024-Q4_ykao_yk-1536-4-make-product_1_A48_3_A24,2min melodie,2m melodie,"6:A,24",ID_A48,0.2,A48,cernak-2024-Q4_ykao_yk-1536-4-make-product,ykao,A48,A24,3.0
cernak-2024-Q4_ykao_yk-1536-4-make-product_1_C25_3_B1,cernak-2024-Q4_ykao_yk-1536-4-make-product_1_C25_3_B1,2min melodie,2m melodie,"6:B,1",ID_C25,0.2,C25,cernak-2024-Q4_ykao_yk-1536-4-make-product,ykao,C25,B1,3.0
cernak-2024-Q4_ykao_yk-1536-4-make-product_1_C26_3_B2,cernak-2024-Q4_ykao_yk-1536-4-make-product_1_C26_3_B2,2min melodie,2m melodie,"6:B,2",ID_C26,0.2,C26,cernak-2024-Q4_ykao_yk-1536-4-make-product,ykao,C26,B2,3.0
cernak-2024-Q4_ykao_yk-1536-4-make-product_1_C27_3_B3,cernak-2024-Q4_ykao_yk-1536-4-make-product_1_C27_3_B3,2min melodie,2m melodie,"6:B,3",ID_C27,0.2,C27,cernak-2024-Q4_ykao_yk-1536-4-make-product,ykao,C27,B3,3.0
cernak-2024-Q4_ykao_yk-1536-4-make-product_1_C28_3_B4,cernak-2024-Q4_ykao_yk-1536-4-make-product_1_C28_3_B4,2min melodie,2m melodie,"6:B,4",ID_C28,0.2,C28,cernak-2024-Q4_ykao_yk-1536-4-make-product,ykao,C28,B4,3.0
cernak-2024-Q4_ykao_yk-1536-4-make-product_1_C29_3_B5,cernak-2024-Q4_ykao_yk-1536-4-make-product_1_C29_3_B5,2min melodie,2m melodie,"6:B,5",ID_C29,0.2,C29,cernak-2024-Q4_ykao_yk-1536-4-make-product,ykao,C29,B5,3.0
cernak-2024-Q4_ykao_yk-1536-4-make-product_1_C30_3_B6,cernak-2024-Q4_ykao_yk-1536-4-make-product_1_C30_3_B6,2min melodie,2m melodie,"6:B,6",ID_C30,0.2,C30,cernak-2024-Q4_ykao_yk-1536-4-make-product,ykao,C30,B6,3.0
cernak-2024-Q4_ykao_yk-1536-4-make-product_1_C31_3_B7,cernak-2024-Q4_ykao_yk-1536-4-make-product_1_C31_3_B7,2min melodie,2m melodie,"6:B,7",ID_C31,0.2,C31,cernak-2024-Q4_ykao_yk-1536-4-make-product,ykao,C31,B7,3.0
cernak-2024-Q4_ykao_yk-1536-4-make-product_1_C32_3_B8,cernak-2024-Q4_ykao_yk-1536-4-make-product_1_C32_3_B8,2min melodie,2m melodie,"6:B,8",ID_C32,0.2,C32,cernak-2024-Q4_ykao_yk-1536-4-make-product,ykao,C32,B8,3.0
cernak-2024-Q4_ykao_yk-1536-4-make-product_1_C33_3_B9,cernak-2024-Q4_ykao_yk-1536-4-make-product_1_C33_3_B9,2min melodie,2m melodie,"6:B,9",ID_C33,0.2,C33,cernak-2024-Q4_ykao_yk-1536-4-make-product,ykao,C33,B9,3.0
cernak-2024-Q4_ykao_yk-1536-4-make-product_1_C34_3_B10,cernak-2024-Q4_ykao_yk-1536-4-make-product_1_C34_3_B10,2min melodie,2m melodie,"6:B,10",ID_C34,0.2,C34,cernak-2024-Q4_ykao_yk-1536-4-make-product,ykao,C34,B10,3.0
cernak-2024-Q4_ykao_yk-1536-4-make-product_1_C35_3_B11,cernak-2024-Q4_ykao_yk-1536-4-make-product_1_C35_3_B11,2min melodie,2m melodie,"6:B,11",ID_C35,0.2,C35,cernak-2024-Q4_ykao_yk-1536-4-make-product,ykao,C35,B11,3.0
cernak-2024-Q4_ykao_yk-1536-4-make-product_1_C36_3_B12,cernak-2024-Q4_ykao_yk-1536-4-make-product_1_C36_3_B12,2min melodie,2m melodie,"6:B,12",ID_C36,0.2,C36,cernak-2024-Q4_ykao_yk-1536-4-make-product,ykao,C36,B12,3.0
cernak-2024-Q4_ykao_yk-1536-4-make-product_1_C37_3_B13,cernak-2024-Q4_ykao_yk-1536-4-make-product_1_C37_3_B13,2min melodie,2m melodie,"6:B,13",ID_C37,0.2,C37,cernak-2024-Q4_ykao_yk-1536-4-make-product,ykao,C37,B13,3.0
cernak-2024-Q4_ykao_yk-1536-4-make-product_1_C38_3_B14,cernak-2024-Q4_ykao_yk-1536-4-make-product_1_C38_3_B14,2min melodie,2m melodie,"6:B,14",ID_C38,0.2,C38,cernak-2024-Q4_ykao_yk-1536-4-make-product,ykao,C38,B14,3.0
cernak-2024-Q4_ykao_yk-1536-4-make-product_1_C39_3_B15,cernak-2024-Q4_ykao_yk-1536-4-make-product_1_C39_3_B15,2min melodie,2m melodie,"6:B,15",ID_C39,0.2,C39,cernak-2024-Q4_ykao_yk-1536-4-make-product,ykao,C39,B15,3.0
cernak-2024-Q4_ykao_yk-1536-4-make-product_1_C40_3_B16,cernak-2024-Q4_ykao_yk-1536-4-make-product_1_C40_3_B16,2min melodie,2m melodie,"6:B,16",ID_C40,0.2,C40,cernak-2024-Q4_ykao_yk-1536-4-make-product,ykao,C40,B16,3.0
cernak-2024-Q4_ykao_yk-1536-4-make-product_1_C41_3_B17,cernak-2024-Q4_ykao_yk-1536-4-make-product_1_C41_3_B17,2min melodie,2m melodie,"6:B,17",ID_C41,0.2,C41,cernak-2024-Q4_ykao_yk-1536-4-make-product,ykao,C41,B17,3.0
cernak-2024-Q4_ykao_yk-1536-4-make-product_1_C42_3_B18,cernak-2024-Q4_ykao_yk-1536-4-make-product_1_C42_3_B18,2min melodie,2m melodie,"6:B,18",ID_C42,0.2,C42,cernak-2024-Q4_ykao_yk-1536-4-make-product,ykao,C42,B18,3.0
cernak-2024-Q4_ykao_yk-1536-4-make-product_1_C43_3_B19,cernak-2024-Q4_ykao_yk-1536-4-make-product_1_C43_3_B19,2min melodie,2m melodie,"6:B,19",ID_C43,0.2,C43,cernak-2024-Q4_ykao_yk-1536-4-make-product,ykao,C43,B19,3.0
cernak-2024-Q4_ykao_yk-1536-4-make-product_1_C44_3_B20,cernak-2024-Q4_ykao_yk-1536-4-make-product_1_C44_3_B20,2min melodie,2m melodie,"6:B,20",ID_C44,0.2,C44,cernak-2024-Q4_ykao_yk-1536-4-make-product,ykao,C44,B20,3.0
cernak-2024-Q4_ykao_yk-1536-4-make-product_1_C45_3_B21,cernak-2024-Q4_ykao_yk-1536-4-make-product_1_C45_3_B21,2min melodie,2m melodie,"6:B,21",ID_C45,0.2,C45,cernak-2024-Q4_ykao_yk-1536-4-make-product,ykao,C45,B21,3.0
cernak-2024-Q4_ykao_yk-1536-4-make-product_1_C46_3_B22,cernak-2024-Q4_ykao_yk-1536-4-make-product_1_C46_3_B22,2min melodie,2m melodie,"6:B,22",ID_C46,0.2,C46,cernak-2024-Q4_ykao_yk-1536-4-make-product,ykao,C46,B22,3.0
cernak-2024-Q4_ykao_yk-1536-4-make-product_1_C47_3_B23,cernak-2024-Q4_ykao_yk-1536-4-make-product_1_C47_3_B23,2min melodie,2m melodie,"6:B,23",ID_C47,0.2,C47,cernak-2024-Q4_ykao_yk-1536-4-make-product,ykao,C47,B23,3.0
cernak-2024-Q4_ykao_yk-1536-4-make-product_1_C48_3_B24,cernak-2024-Q4_ykao_yk-1536-4-make-product_1_C48_3_B24,2min melodie,2m melodie,"6:B,24",ID_C48,0.2,C48,cernak-2024-Q4_ykao_yk-1536-4-make-product,ykao,C48,B24,3.0
cernak-2024-Q4_ykao_yk-1536-4-make-product_1_E25_3_C1,cernak-2024-Q4_ykao_yk-1536-4-make-product_1_E25_3_C1,2min melodie,2m melodie,"6:C,1",ID_E25,0.2,E25,cernak-2024-Q4_ykao_yk-1536-4-make-product,ykao,E25,C1,3.0
cernak-2024-Q4_ykao_yk-1536-4-make-product_1_E26_3_C2,cernak-2024-Q4_ykao_yk-1536-4-make-product_1_E26_3_C2,2min melodie,2m melodie,"6:C,2",ID_E26,0.2,E26,cernak-2024-Q4_ykao_yk-1536-4-make-product,ykao,E26,C2,3.0
cernak-2024-Q4_ykao_yk-1536-4-make-product_1_E27_3_C3,cernak-2024-Q4_ykao_yk-1536-4-make-product_1_E27_3_C3,2min melodie,2m melodie,"6:C,3",ID_E27,0.2,E27,cernak-2024-Q4_ykao_yk-1536-4-make-product,ykao,E27,C3,3.0
cernak-2024-Q4_ykao_yk-1536-4-make-product_1_E28_3_C4,cernak-2024-Q4_ykao_yk-1536-4-make-product_1_E28_3_C4,2min melodie,2m melodie,"6:C,4",ID_E28,0.2,E28,cernak-2024-Q4_ykao_yk-1536-4-make-product,ykao,E28,C4,3.0
cernak-2024-Q4_ykao_yk-1536-4-make-product_1_E29_3_C5,cernak-2024-Q4_ykao_yk-1536-4-make-product_1_E29_3_C5,2min melodie,2m melodie,"6:C,5",ID_E29,0.2,E29,cernak-2024-Q4_ykao_yk-1536-4-make-product,ykao,E29,C5,3.0
cernak-2024-Q4_ykao_yk-1536-4-make-product_1_E30_3_C6,cernak-2024-Q4_ykao_yk-1536-4-make-product_1_E30_3_C6,2min melodie,2m melodie,"6:C,6",ID_E30,0.2,E30,cernak-2024-Q4_ykao_yk-1536-4-make-product,ykao,E30,C6,3.0
cernak-2024-Q4_ykao_yk-1536-4-make-product_1_E31_3_C7,cernak-2024-Q4_ykao_yk-1536-4-make-product_1_E31_3_C7,2min melodie,2m melodie,"6:C,7",ID_E31,0.2,E31,cernak-2024-Q4_ykao_yk-1536-4-make-product,ykao,E31,C7,3.0
cernak-2024-Q4_ykao_yk-1536-4-make-product_1_E32_3_C8,cernak-2024-Q4_ykao_yk-1536-4-make-product_1_E32_3_C8,2min melodie,2m melodie,"6:C,8",ID_E32,0.2,E32,cernak-2024-Q4_ykao_yk-1536-4-make-product,ykao,E32,C8,3.0
cernak-2024-Q4_ykao_yk-1536-4-make-product_1_E33_3_C9,cernak-2024-Q4_ykao_yk-1536-4-make-product_1_E33_3_C9,2min melodie,2m melodie,"6:C,9",ID_E33,0.2,E33,cernak-2024-Q4_ykao_yk-1536-4-make-product,ykao,E33,C9,3.0
cernak-2024-Q4_ykao_yk-1536-4-make-product_1_E34_3_C10,cernak-2024-Q4_ykao_yk-1536-4-make-product_1_E34_3_C10,2min melodie,2m melodie,"6:C,10",ID_E34,0.2,E34,cernak-2024-Q4_ykao_yk-1536-4-make-product,ykao,E34,C10,3.0
cernak-2024-Q4_ykao_yk-1536-4-make-product_1_E35_3_C11,cernak-2024-Q4_ykao_yk-1536-4-make-product_1_E35_3_C11,2min melodie,2m melodie,"6:C,11",ID_E35,0.2,E35,cernak-2024-Q4_ykao_yk-1536-4-make-product,ykao,E35,C11,3.0
cernak-2024-Q4_ykao_yk-1536-4-make-product_1_E36_3_C12,cernak-2024-Q4_ykao_yk-1536-4-make-product_1_E36_3_C12,2min melodie,2m melodie,"6:C,12",ID_E36,0.2,E36,cernak-2024-Q4_ykao_yk-1536-4-make-product,ykao,E36,C12,3.0
cernak-2024-Q4_ykao_yk-1536-4-make-product_1_E37_3_C13,cernak-2024-Q4_ykao_yk-1536-4-make-product_1_E37_3_C13,2min melodie,2m melodie,"6:C,13",ID_E37,0.2,E37,cernak-2024-Q4_ykao_yk-1536-4-make-product,ykao,E37,C13,3.0
cernak-2024-Q4_ykao_yk-1536-4-make-product_1_E38_3_C14,cernak-2024-Q4_ykao_yk-1536-4-make-product_1_E38_3_C14,2min melodie,2m melodie,"6:C,14",ID_E38,0.2,E38,cernak-2024-Q4_ykao_yk-1536-4-make-product,ykao,E38,C14,3.0
cernak-2024-Q4_ykao_yk-1536-4-make-product_1_E39_3_C15,cernak-2024-Q4_ykao_yk-1536-4-make-product_1_E39_3_C15,2min melodie,2m melodie,"6:C,15",ID_E39,0.2,E39,cernak-2024-Q4_ykao_yk-1536-4-make-product,ykao,E39,C15,3.0
cernak-2024-Q4_ykao_yk-1536-4-make-product_1_E40_3_C16,cernak-2024-Q4_ykao_yk-1536-4-make-product_1_E40_3_C16,2min melodie,2m melodie,"6:C,16",ID_E40,0.2,E40,cernak-2024-Q4_ykao_yk-1536-4-make-product,ykao,E40,C16,3.0
cernak-2024-Q4_ykao_yk-1536-4-make-product_1_E41_3_C17,cernak-2024-Q4_ykao_yk-1536-4-make-product_1_E41_3_C17,2min melodie,2m melodie,"6:C,17",ID_E41,0.2,E41,cernak-2024-Q4_ykao_yk-1536-4-make-product,ykao,E41,C17,3.0
cernak-2024-Q4_ykao_yk-1536-4-make-product_1_E42_3_C18,cernak-2024-Q4_ykao_yk-1536-4-make-product_1_E42_3_C18,2min melodie,2m melodie,"6:C,18",ID_E42,0.2,E42,cernak-2024-Q4_ykao_yk-1536-4-make-product,ykao,E42,C18,3.0
cernak-2024-Q4_ykao_yk-1536-4-make-product_1_E43_3_C19,cernak-2024-Q4_ykao_yk-1536-4-make-product_1_E43_3_C19,2min melodie,2m melodie,"6:C,19",ID_E43,0.2,E43,cernak-2024-Q4_ykao_yk-1536-4-make-product,ykao,E43,C19,3.0
cernak-2024-Q4_ykao_yk-1536-4-make-product_1_E44_3_C20,cernak-2024-Q4_ykao_yk-1536-4-make-product_1_E44_3_C20,2min melodie,2m melodie,"6:C,20",ID_E44,0.2,E44,cernak-2024-Q4_ykao_yk-1536-4-make-product,ykao,E44,C20,3.0
cernak-2024-Q4_ykao_yk-1536-4-make-product_1_E45_3_C21,cernak-2024-Q4_ykao_yk-1536-4-make-product_1_E45_3_C21,2min melodie,2m melodie,"6:C,21",ID_E45,0.2,E45,cernak-2024-Q4_ykao_yk-1536-4-make-product,ykao,E45,C21,3.0
cernak-2024-Q4_ykao_yk-1536-4-make-product_1_E46_3_C22,cernak-2024-Q4_ykao_yk-1536-4-make-product_1_E46_3_C22,2min melodie,2m melodie,"6:C,22",ID_E46,0.2,E46,cernak-2024-Q4_ykao_yk-1536-4-make-product,ykao,E46,C22,3.0
cernak-2024-Q4_ykao_yk-1536-4-make-product_1_E47_3_C23,cernak-2024-Q4_ykao_yk-1536-4-make-product_1_E47_3_C23,2min melodie,2m melodie,"6:C,23",ID_E47,0.2,E47,cernak-2024-Q4_ykao_yk-1536-4-make-product,ykao,E47,C23,3.0
cernak-2024-Q4_ykao_yk-1536-4-make-product_1_E48_3_C24,cernak-2024-Q4_ykao_yk-1536-4-make-product_1_E48_3_C24,2min melodie,2m melodie,"6:C,24",ID_E48,0.2,E48,cernak-2024-Q4_ykao_yk-1536-4-make-product,ykao,E48,C24,3.0
cernak-2024-Q4_ykao_yk-1536-4-make-product_1_G25_3_D1,cernak-2024-Q4_ykao_yk-1536-4-make-product_1_G25_3_D1,2min melodie,2m melodie,"6:D,1",ID_G25,0.2,G25,cernak-2024-Q4_ykao_yk-1536-4-make-product,ykao,G25,D1,3.0
cernak-2024-Q4_ykao_yk-1536-4-make-product_1_G26_3_D2,cernak-2024-Q4_ykao_yk-1536-4-make-product_1_G26_3_D2,2min melodie,2m melodie,"6:D,2",ID_G26,0.2,G26,cernak-2024-Q4_ykao_yk-1536-4-make-product,ykao,G26,D2,3.0
cernak-2024-Q4_ykao_yk-1536-4-make-product_1_G27_3_D3,cernak-2024-Q4_ykao_yk-1536-4-make-product_1_G27_3_D3,2min melodie,2m melodie,"6:D,3",ID_G27,0.2,G27,cernak-2024-Q4_ykao_yk-1536-4-make-product,ykao,G27,D3,3.0
cernak-2024-Q4_ykao_yk-1536-4-make-product_1_G28_3_D4,cernak-2024-Q4_ykao_yk-1536-4-make-product_1_G28_3_D4,2min melodie,2m melodie,"6:D,4",ID_G28,0.2,G28,cernak-2024-Q4_ykao_yk-1536-4-make-product,ykao,G28,D4,3.0
cernak-2024-Q4_ykao_yk-1536-4-make-product_1_G29_3_D5,cernak-2024-Q4_ykao_yk-1536-4-make-product_1_G29_3_D5,2min melodie,2m melodie,"6:D,5",ID_G29,0.2,G29,cernak-2024-Q4_ykao_yk-1536-4-make-product,ykao,G29,D5,3.0
cernak-2024-Q4_ykao_yk-1536-4-make-product_1_G30_3_D6,cernak-2024-Q4_ykao_yk-1536-4-make-product_1_G30_3_D6,2min melodie,2m melodie,"6:D,6",ID_G30,0.2,G30,cernak-2024-Q4_ykao_yk-1536-4-make-product,ykao,G30,D6,3.0
cernak-2024-Q4_ykao_yk-1536-4-make-product_1_G31_3_D7,cernak-2024-Q4_ykao_yk-1536-4-make-product_1_G31_3_D7,2min melodie,2m melodie,"6:D,7",ID_G31,0.2,G31,cernak-2024-Q4_ykao_yk-1536-4-make-product,ykao,G31,D7,3.0
cernak-2024-Q4_ykao_yk-1536-4-make-product_1_G32_3_D8,cernak-2024-Q4_ykao_yk-1536-4-make-product_1_G32_3_D8,2min melodie,2m melodie,"6:D,8",ID_G32,0.2,G32,cernak-2024-Q4_ykao_yk-1536-4-make-product,ykao,G32,D8,3.0
cernak-2024-Q4_ykao_yk-1536-4-make-product_1_G33_3_D9,cernak-2024-Q4_ykao_yk-1536-4-make-product_1_G33_3_D9,2min melodie,2m melodie,"6:D,9",ID_G33,0.2,G33,cernak-2024-Q4_ykao_yk-1536-4-make-product,ykao,G33,D9,3.0
cernak-2024-Q4_ykao_yk-1536-4-make-product_1_G34_3_D10,cernak-2024-Q4_ykao_yk-1536-4-make-product_1_G34_3_D10,2min melodie,2m melodie,"6:D,10",ID_G34,0.2,G34,cernak-2024-Q4_ykao_yk-1536-4-make-product,ykao,G34,D10,3.0
cernak-2024-Q4_ykao_yk-1536-4-make-product_1_G35_3_D11,cernak-2024-Q4_ykao_yk-1536-4-make-product_1_G35_3_D11,2min melodie,2m melodie,"6:D,11",ID_G35,0.2,G35,cernak-2024-Q4_ykao_yk-1536-4-make-product,ykao,G35,D11,3.0
cernak-2024-Q4_ykao_yk-1536-4-make-product_1_G36_3_D12,cernak-2024-Q4_ykao_yk-1536-4-make-product_1_G36_3_D12,2min melodie,2m melodie,"6:D,12",ID_G36,0.2,G36,cernak-2024-Q4_ykao_yk-1536-4-make-product,ykao,G36,D12,3.0
cernak-2024-Q4_ykao_yk-1536-4-make-product_1_G37_3_D13,cernak-2024-Q4_ykao_yk-1536-4-make-product_1_G37_3_D13,2min melodie,2m melodie,"6:D,13",ID_G37,0.2,G37,cernak-2024-Q4_ykao_yk-1536-4-make-product,ykao,G37,D13,3.0
cernak-2024-Q4_ykao_yk-1536-4-make-product_1_G38_3_D14,cernak-2024-Q4_ykao_yk-1536-4-make-product_1_G38_3_D14,2min melodie,2m melodie,"6:D,14",ID_G38,0.2,G38,cernak-2024-Q4_ykao_yk-1536-4-make-product,ykao,G38,D14,3.0
cernak-2024-Q4_ykao_yk-1536-4-make-product_1_G39_3_D15,cernak-2024-Q4_ykao_yk-1536-4-make-product_1_G39_3_D15,2min melodie,2m melodie,"6:D,15",ID_G39,0.2,G39,cernak-2024-Q4_ykao_yk-1536-4-make-product,ykao,G39,D15,3.0
cernak-2024-Q4_ykao_yk-1536-4-make-product_1_G40_3_D16,cernak-2024-Q4_ykao_yk-1536-4-make-product_1_G40_3_D16,2min melodie,2m melodie,"6:D,16",ID_G40,0.2,G40,cernak-2024-Q4_ykao_yk-1536-4-make-product,ykao,G40,D16,3.0
cernak-2024-Q4_ykao_yk-1536-4-make-product_1_G41_3_D17,cernak-2024-Q4_ykao_yk-1536-4-make-product_1_G41_3_D17,2min melodie,2m melodie,"6:D,17",ID_G41,0.2,G41,cernak-2024-Q4_ykao_yk-1536-4-make-product,ykao,G41,D17,3.0
cernak-2024-Q4_ykao_yk-1536-4-make-product_1_G42_3_D18,cernak-2024-Q4_ykao_yk-1536-4-make-product_1_G42_3_D18,2min melodie,2m melodie,"6:D,18",ID_G42,0.2,G42,cernak-2024-Q4_ykao_yk-1536-4-make-product,ykao,G42,D18,3.0
cernak-2024-Q4_ykao_yk-1536-4-make-product_1_G43_3_D19,cernak-2024-Q4_ykao_yk-1536-4-make-product_1_G43_3_D19,2min melodie,2m melodie,"6:D,19",ID_G43,0.2,G43,cernak-2024-Q4_ykao_yk-1536-4-make-product,ykao,G43,D19,3.0
cernak-2024-Q4_ykao_yk-1536-4-make-product_1_G44_3_D20,cernak-2024-Q4_ykao_yk-1536-4-make-product_1_G44_3_D20,2min melodie,2m melodie,"6:D,20",ID_G44,0.2,G44,cernak-2024-Q4_ykao_yk-1536-4-make-product,ykao,G44,D20,3.0
cernak-2024-Q4_ykao_yk-1536-4-make-product_1_G45_3_D21,cernak-2024-Q4_ykao_yk-1536-4-make-product_1_G45_3_D21,2min melodie,2m melodie,"6:D,21",ID_G45,0.2,G45,cernak-2024-Q4_ykao_yk-1536-4-make-product,ykao,G45,D21,3.0
cernak-2024-Q4_ykao_yk-1536-4-make-product_1_G46_3_D22,cernak-2024-Q4_ykao_yk-1536-4-make-product_1_G46_3_D22,2min melodie,2m melodie,"6:D,22",ID_G46,0.2,G46,cernak-2024-Q4_ykao_yk-1536-4-make-product,ykao,G46,D22,3.0
cernak-2024-Q4_ykao_yk-1536-4-make-product_1_G47_3_D23,cernak-2024-Q4_ykao_yk-1536-4-make-product_1_G47_3_D23,2min melodie,2m melodie,"6:D,23",ID_G47,0.2,G47,cernak-2024-Q4_ykao_yk-1536-4-make-product,ykao,G47,D23,3.0
cernak-2024-Q4_ykao_yk-1536-4-make-product_1_G48_3_D24,cernak-2024-Q4_ykao_yk-1536-4-make-product_1_G48_3_D24,2min melodie,2m melodie,"6:D,24",ID_G48,0.2,G48,cernak-2024-Q4_ykao_yk-1536-4-make-product,ykao,G48,D24,3.0
cernak-2024-Q4_ykao_yk-1536-4-make-product_1_I25_3_E1,cernak-2024-Q4_ykao_yk-1536-4-make-product_1_I25_3_E1,2min melodie,2m melodie,"6:E,1",ID_I25,0.2,I25,cernak-2024-Q4_ykao_yk-1536-4-make-product,ykao,I25,E1,3.0
cernak-2024-Q4_ykao_yk-1536-4-make-product_1_I26_3_E2,cernak-2024-Q4_ykao_yk-1536-4-make-product_1_I26_3_E2,2min melodie,2m melodie,"6:E,2",ID_I26,0.2,I26,cernak-2024-Q4_ykao_yk-1536-4-make-product,ykao,I26,E2,3.0
cernak-2024-Q4_ykao_yk-1536-4-make-product_1_I27_3_E3,cernak-2024-Q4_ykao_yk-1536-4-make-product_1_I27_3_E3,2min melodie,2m melodie,"6:E,3",ID_I27,0.2,I27,cernak-2024-Q4_ykao_yk-1536-4-make-product,ykao,I27,E3,3.0
cernak-2024-Q4_ykao_yk-1536-4-make-product_1_I28_3_E4,cernak-2024-Q4_ykao_yk-1536-4-make-product_1_I28_3_E4,2min melodie,2m melodie,"6:E,4",ID_I28,0.2,I28,cernak-2024-Q4_ykao_yk-1536-4-make-product,ykao,I28,E4,3.0
cernak-2024-Q4_ykao_yk-1536-4-make-product_1_I29_3_E5,cernak-2024-Q4_ykao_yk-1536-4-make-product_1_I29_3_E5,2min melodie,2m melodie,"6:E,5",ID_I29,0.2,I29,cernak-2024-Q4_ykao_yk-1536-4-make-product,ykao,I29,E5,3.0
cernak-2024-Q4_ykao_yk-1536-4-make-product_1_I30_3_E6,cernak-2024-Q4_ykao_yk-1536-4-make-product_1_I30_3_E6,2min melodie,2m melodie,"6:E,6",ID_I30,0.2,I30,cernak-2024-Q4_ykao_yk-1536-4-make-product,ykao,I30,E6,3.0
cernak-2024-Q4_ykao_yk-1536-4-make-product_1_I31_3_E7,cernak-2024-Q4_ykao_yk-1536-4-make-product_1_I31_3_E7,2min melodie,2m melodie,"6:E,7",ID_I31,0.2,I31,cernak-2024-Q4_ykao_yk-1536-4-make-product,ykao,I31,E7,3.0
cernak-2024-Q4_ykao_yk-1536-4-make-product_1_I32_3_E8,cernak-2024-Q4_ykao_yk-1536-4-make-product_1_I32_3_E8,2min melodie,2m melodie,"6:E,8",ID_I32,0.2,I32,cernak-2024-Q4_ykao_yk-1536-4-make-product,ykao,I32,E8,3.0
cernak-2024-Q4_ykao_yk-1536-4-make-product_1_I33_3_E9,cernak-2024-Q4_ykao_yk-1536-4-make-product_1_I33_3_E9,2min melodie,2m melodie,"6:E,9",ID_I33,0.2,I33,cernak-2024-Q4_ykao_yk-1536-4-make-product,ykao,I33,E9,3.0
cernak-2024-Q4_ykao_yk-1536-4-make-product_1_I34_3_E10,cernak-2024-Q4_ykao_yk-1536-4-make-product_1_I34_3_E10,2min melodie,2m melodie,"6:E,10",ID_I34,0.2,I34,cernak-2024-Q4_ykao_yk-1536-4-make-product,ykao,I34,E10,3.0
cernak-2024-Q4_ykao_yk-1536-4-make-product_1_I35_3_E11,cernak-2024-Q4_ykao_yk-1536-4-make-product_1_I35_3_E11,2min melodie,2m melodie,"6:E,11",ID_I35,0.2,I35,cernak-2024-Q4_ykao_yk-1536-4-make-product,ykao,I35,E11,3.0
cernak-2024-Q4_ykao_yk-1536-4-make-product_1_I36_3_E12,cernak-2024-Q4_ykao_yk-1536-4-make-product_1_I36_3_E12,2min melodie,2m melodie,"6:E,12",ID_I36,0.2,I36,cernak-2024-Q4_ykao_yk-1536-4-make-product,ykao,I36,E12,3.0
cernak-2024-Q4_ykao_yk-1536-4-make-product_1_I37_3_E13,cernak-2024-Q4_ykao_yk-1536-4-make-product_1_I37_3_E13,2min melodie,2m melodie,"6:E,13",ID_I37,0.2,I37,cernak-2024-Q4_ykao_yk-1536-4-make-product,ykao,I37,E13,3.0
cernak-2024-Q4_ykao_yk-1536-4-make-product_1_I38_3_E14,cernak-2024-Q4_ykao_yk-1536-4-make-product_1_I38_3_E14,2min melodie,2m melodie,"6:E,14",ID_I38,0.2,I38,cernak-2024-Q4_ykao_yk-1536-4-make-product,ykao,I38,E14,3.0
cernak-2024-Q4_ykao_yk-1536-4-make-product_1_I39_3_E15,cernak-2024-Q4_ykao_yk-1536-4-make-product_1_I39_3_E15,2min melodie,2m melodie,"6:E,15",ID_I39,0.2,I39,cernak-2024-Q4_ykao_yk-1536-4-make-product,ykao,I39,E15,3.0
cernak-2024-Q4_ykao_yk-1536-4-make-product_1_I40_3_E16,cernak-2024-Q4_ykao_yk-1536-4-make-product_1_I40_3_E16,2min melodie,2m melodie,"6:E,16",ID_I40,0.2,I40,cernak-2024-Q4_ykao_yk-1536-4-make-product,ykao,I40,E16,3.0
cernak-2024-Q4_ykao_yk-1536-4-make-product_1_I41_3_E17,cernak-2024-Q4_ykao_yk-1536-4-make-product_1_I41_3_E17,2min melodie,2m melodie,"6:E,17",ID_I41,0.2,I41,cernak-2024-Q4_ykao_yk-1536-4-make-product,ykao,I41,E17,3.0
cernak-2024-Q4_ykao_yk-1536-4-make-product_1_I42_3_E18,cernak-2024-Q4_ykao_yk-1536-4-make-product_1_I42_3_E18,2min melodie,2m melodie,"6:E,18",ID_I42,0.2,I42,cernak-2024-Q4_ykao_yk-1536-4-make-product,ykao,I42,E18,3.0
cernak-2024-Q4_ykao_yk-1536-4-make-product_1_I43_3_E19,cernak-2024-Q4_ykao_yk-1536-4-make-product_1_I43_3_E19,2min melodie,2m melodie,"6:E,19",ID_I43,0.2,I43,cernak-2024-Q4_ykao_yk-1536-4-make-product,ykao,I43,E19,3.0
cernak-2024-Q4_ykao_yk-1536-4-make-product_1_I44_3_E20,cernak-2024-Q4_ykao_yk-1536-4-make-product_1_I44_3_E20,2min melodie,2m melodie,"6:E,20",ID_I44,0.2,I44,cernak-2024-Q4_ykao_yk-1536-4-make-product,ykao,I44,E20,3.0
cernak-2024-Q4_ykao_yk-1536-4-make-product_1_I45_3_E21,cernak-2024-Q4_ykao_yk-1536-4-make-product_1_I45_3_E21,2min melodie,2m melodie,"6:E,21",ID_I45,0.2,I45,cernak-2024-Q4_ykao_yk-1536-4-make-product,ykao,I45,E21,3.0
cernak-2024-Q4_ykao_yk-1536-4-make-product_1_I46_3_E22,cernak-2024-Q4_ykao_yk-1536-4-make-product_1_I46_3_E22,2min melodie,2m melodie,"6:E,22",ID_I46,0.2,I46,cernak-2024-Q4_ykao_yk-1536-4-make-product,ykao,I46,E22,3.0
cernak-2024-Q4_ykao_yk-1536-4-make-product_1_I47_3_E23,cernak-2024-Q4_ykao_yk-1536-4-make-product_1_I47_3_E23,2min melodie,2m melodie,"6:E,23",ID_I47,0.2,I47,cernak-2024-Q4_ykao_yk-1536-4-make-product,ykao,I47,E23,3.0
cernak-2024-Q4_ykao_yk-1536-4-make-product_1_I48_3_E24,cernak-2024-Q4_ykao_yk-1536-4-make-product_1_I48_3_E24,2min melodie,2m melodie,"6:E,24",ID_I48,0.2,I48,cernak-2024-Q4_ykao_yk-1536-4-make-product,ykao,I48,E24,3.0
cernak-2024-Q4_ykao_yk-1536-4-make-product_1_K25_3_F1,cernak-2024-Q4_ykao_yk-1536-4-make-product_1_K25_3_F1,2min melodie,2m melodie,"6:F,1",ID_K25,0.2,K25,cernak-2024-Q4_ykao_yk-1536-4-make-product,ykao,K25,F1,3.0
cernak-2024-Q4_ykao_yk-1536-4-make-product_1_K26_3_F2,cernak-2024-Q4_ykao_yk-1536-4-make-product_1_K26_3_F2,2min melodie,2m melodie,"6:F,2",ID_K26,0.2,K26,cernak-2024-Q4_ykao_yk-1536-4-make-product,ykao,K26,F2,3.0
cernak-2024-Q4_ykao_yk-1536-4-make-product_1_K27_3_F3,cernak-2024-Q4_ykao_yk-1536-4-make-product_1_K27_3_F3,2min melodie,2m melodie,"6:F,3",ID_K27,0.2,K27,cernak-2024-Q4_ykao_yk-1536-4-make-product,ykao,K27,F3,3.0
cernak-2024-Q4_ykao_yk-1536-4-make-product_1_K28_3_F4,cernak-2024-Q4_ykao_yk-1536-4-make-product_1_K28_3_F4,2min melodie,2m melodie,"6:F,4",ID_K28,0.2,K28,cernak-2024-Q4_ykao_yk-1536-4-make-product,ykao,K28,F4,3.0
cernak-2024-Q4_ykao_yk-1536-4-make-product_1_K29_3_F5,cernak-2024-Q4_ykao_yk-1536-4-make-product_1_K29_3_F5,2min melodie,2m melodie,"6:F,5",ID_K29,0.2,K29,cernak-2024-Q4_ykao_yk-1536-4-make-product,ykao,K29,F5,3.0
cernak-2024-Q4_ykao_yk-1536-4-make-product_1_K30_3_F6,cernak-2024-Q4_ykao_yk-1536-4-make-product_1_K30_3_F6,2min melodie,2m melodie,"6:F,6",ID_K30,0.2,K30,cernak-2024-Q4_ykao_yk-1536-4-make-product,ykao,K30,F6,3.0
cernak-2024-Q4_ykao_yk-1536-4-make-product_1_K31_3_F7,cernak-2024-Q4_ykao_yk-1536-4-make-product_1_K31_3_F7,2min melodie,2m melodie,"6:F,7",ID_K31,0.2,K31,cernak-2024-Q4_ykao_yk-1536-4-make-product,ykao,K31,F7,3.0
cernak-2024-Q4_ykao_yk-1536-4-make-product_1_K32_3_F8,cernak-2024-Q4_ykao_yk-1536-4-make-product_1_K32_3_F8,2min melodie,2m melodie,"6:F,8",ID_K32,0.2,K32,cernak-2024-Q4_ykao_yk-1536-4-make-product,ykao,K32,F8,3.0
cernak-2024-Q4_ykao_yk-1536-4-make-product_1_K33_3_F9,cernak-2024-Q4_ykao_yk-1536-4-make-product_1_K33_3_F9,2min melodie,2m melodie,"6:F,9",ID_K33,0.2,K33,cernak-2024-Q4_ykao_yk-1536-4-make-product,ykao,K33,F9,3.0
cernak-2024-Q4_ykao_yk-1536-4-make-product_1_K34_3_F10,cernak-2024-Q4_ykao_yk-1536-4-make-product_1_K34_3_F10,2min melodie,2m melodie,"6:F,10",ID_K34,0.2,K34,cernak-2024-Q4_ykao_yk-1536-4-make-product,ykao,K34,F10,3.0
cernak-2024-Q4_ykao_yk-1536-4-make-product_1_K35_3_F11,cernak-2024-Q4_ykao_yk-1536-4-make-product_1_K35_3_F11,2min melodie,2m melodie,"6:F,11",ID_K35,0.2,K35,cernak-2024-Q4_ykao_yk-1536-4-make-product,ykao,K35,F11,3.0
cernak-2024-Q4_ykao_yk-1536-4-make-product_1_K36_3_F12,cernak-2024-Q4_ykao_yk-1536-4-make-product_1_K36_3_F12,2min melodie,2m melodie,"6:F,12",ID_K36,0.2,K36,cernak-2024-Q4_ykao_yk-1536-4-make-product,ykao,K36,F12,3.0
cernak-2024-Q4_ykao_yk-1536-4-make-product_1_K37_3_F13,cernak-2024-Q4_ykao_yk-1536-4-make-product_1_K37_3_F13,2min melodie,2m melodie,"6:F,13",ID_K37,0.2,K37,cernak-2024-Q4_ykao_yk-1536-4-make-product,ykao,K37,F13,3.0
cernak-2024-Q4_ykao_yk-1536-4-make-product_1_K38_3_F14,cernak-2024-Q4_ykao_yk-1536-4-make-product_1_K38_3_F14,2min melodie,2m melodie,"6:F,14",ID_K38,0.2,K38,cernak-2024-Q4_ykao_yk-1536-4-make-product,ykao,K38,F14,3.0
cernak-2024-Q4_ykao_yk-1536-4-make-product_1_K39_3_F15,cernak-2024-Q4_ykao_yk-1536-4-make-product_1_K39_3_F15,2min melodie,2m melodie,"6:F,15",ID_K39,0.2,K39,cernak-2024-Q4_ykao_yk-1536-4-make-product,ykao,K39,F15,3.0
cernak-2024-Q4_ykao_yk-1536-4-make-product_1_K40_3_F16,cernak-2024-Q4_ykao_yk-1536-4-make-product_1_K40_3_F16,2min melodie,2m melodie,"6:F,16",ID_K40,0.2,K40,cernak-2024-Q4_ykao_yk-1536-4-make-product,ykao,K40,F16,3.0
cernak-2024-Q4_ykao_yk-1536-4-make-product_1_K41_3_F17,cernak-2024-Q4_ykao_yk-1536-4-make-product_1_K41_3_F17,2min melodie,2m melodie,"6:F,17",ID_K41,0.2,K41,cernak-2024-Q4_ykao_yk-1536-4-make-product,ykao,K41,F17,3.0
cernak-2024-Q4_ykao_yk-1536-4-make-product_1_K42_3_F18,cernak-2024-Q4_ykao_yk-1536-4-make-product_1_K42_3_F18,2min melodie,2m melodie,"6:F,18",ID_K42,0.2,K42,cernak-2024-Q4_ykao_yk-1536-4-make-product,ykao,K42,F18,3.0
cernak-2024-Q4_ykao_yk-1536-4-make-product_1_K43_3_F19,cernak-2024-Q4_ykao_yk-1536-4-make-product_1_K43_3_F19,2min melodie,2m melodie,"6:F,19",ID_K43,0.2,K43,cernak-2024-Q4_ykao_yk-1536-4-make-product,ykao,K43,F19,3.0
cernak-2024-Q4_ykao_yk-1536-4-make-product_1_K44_3_F20,cernak-2024-Q4_ykao_yk-1536-4-make-product_1_K44_3_F20,2min melodie,2m melodie,"6:F,20",ID_K44,0.2,K44,cernak-2024-Q4_ykao_yk-1536-4-make-product,ykao,K44,F20,3.0
cernak-2024-Q4_ykao_yk-1536-4-make-product_1_K45_3_F21,cernak-2024-Q4_ykao_yk-1536-4-make-product_1_K45_3_F21,2min melodie,2m melodie,"6:F,21",ID_K45,0.2,K45,cernak-2024-Q4_ykao_yk-1536-4-make-product,ykao,K45,F21,3.0
cernak-2024-Q4_ykao_yk-1536-4-make-product_1_K46_3_F22,cernak-2024-Q4_ykao_yk-1536-4-make-product_1_K46_3_F22,2min melodie,2m melodie,"6:F,22",ID_K46,0.2,K46,cernak-2024-Q4_ykao_yk-1536-4-make-product,ykao,K46,F22,3.0
cernak-2024-Q4_ykao_yk-1536-4-make-product_1_K47_3_F23,cernak-2024-Q4_ykao_yk-1536-4-make-product_1_K47_3_F23,2min melodie,2m melodie,"6:F,23",ID_K47,0.2,K47,cernak-2024-Q4_ykao_yk-1536-4-make-product,ykao,K47,F23,3.0
cernak-2024-Q4_ykao_yk-1536-4-make-product_1_K48_3_F24,cernak-2024-Q4_ykao_yk-1536-4-make-product_1_K48_3_F24,2min melodie,2m melodie,"6:F,24",ID_K48,0.2,K48,cernak-2024-Q4_ykao_yk-1536-4-make-product,ykao,K48,F24,3.0
cernak-2024-Q4_ykao_yk-1536-4-make-product_1_M25_3_G1,cernak-2024-Q4_ykao_yk-1536-4-make-product_1_M25_3_G1,2min melodie,2m melodie,"6:G,1",ID_M25,0.2,M25,cernak-2024-Q4_ykao_yk-1536-4-make-product,ykao,M25,G1,3.0
cernak-2024-Q4_ykao_yk-1536-4-make-product_1_M26_3_G2,cernak-2024-Q4_ykao_yk-1536-4-make-product_1_M26_3_G2,2min melodie,2m melodie,"6:G,2",ID_M26,0.2,M26,cernak-2024-Q4_ykao_yk-1536-4-make-product,ykao,M26,G2,3.0
cernak-2024-Q4_ykao_yk-1536-4-make-product_1_M27_3_G3,cernak-2024-Q4_ykao_yk-1536-4-make-product_1_M27_3_G3,2min melodie,2m melodie,"6:G,3",ID_M27,0.2,M27,cernak-2024-Q4_ykao_yk-1536-4-make-product,ykao,M27,G3,3.0
cernak-2024-Q4_ykao_yk-1536-4-make-product_1_M28_3_G4,cernak-2024-Q4_ykao_yk-1536-4-make-product_1_M28_3_G4,2min melodie,2m melodie,"6:G,4",ID_M28,0.2,M28,cernak-2024-Q4_ykao_yk-1536-4-make-product,ykao,M28,G4,3.0
cernak-2024-Q4_ykao_yk-1536-4-make-product_1_M29_3_G5,cernak-2024-Q4_ykao_yk-1536-4-make-product_1_M29_3_G5,2min melodie,2m melodie,"6:G,5",ID_M29,0.2,M29,cernak-2024-Q4_ykao_yk-1536-4-make-product,ykao,M29,G5,3.0
cernak-2024-Q4_ykao_yk-1536-4-make-product_1_M30_3_G6,cernak-2024-Q4_ykao_yk-1536-4-make-product_1_M30_3_G6,2min melodie,2m melodie,"6:G,6",ID_M30,0.2,M30,cernak-2024-Q4_ykao_yk-1536-4-make-product,ykao,M30,G6,3.0
cernak-2024-Q4_ykao_yk-1536-4-make-product_1_M31_3_G7,cernak-2024-Q4_ykao_yk-1536-4-make-product_1_M31_3_G7,2min melodie,2m melodie,"6:G,7",ID_M31,0.2,M31,cernak-2024-Q4_ykao_yk-1536-4-make-product,ykao,M31,G7,3.0
cernak-2024-Q4_ykao_yk-1536-4-make-product_1_M32_3_G8,cernak-2024-Q4_ykao_yk-1536-4-make-product_1_M32_3_G8,2min melodie,2m melodie,"6:G,8",ID_M32,0.2,M32,cernak-2024-Q4_ykao_yk-1536-4-make-product,ykao,M32,G8,3.0
cernak-2024-Q4_ykao_yk-1536-4-make-product_1_M33_3_G9,cernak-2024-Q4_ykao_yk-1536-4-make-product_1_M33_3_G9,2min melodie,2m melodie,"6:G,9",ID_M33,0.2,M33,cernak-2024-Q4_ykao_yk-1536-4-make-product,ykao,M33,G9,3.0
cernak-2024-Q4_ykao_yk-1536-4-make-product_1_M34_3_G10,cernak-2024-Q4_ykao_yk-1536-4-make-product_1_M34_3_G10,2min melodie,2m melodie,"6:G,10",ID_M34,0.2,M34,cernak-2024-Q4_ykao_yk-1536-4-make-product,ykao,M34,G10,3.0
cernak-2024-Q4_ykao_yk-1536-4-make-product_1_M35_3_G11,cernak-2024-Q4_ykao_yk-1536-4-make-product_1_M35_3_G11,2min melodie,2m melodie,"6:G,11",ID_M35,0.2,M35,cernak-2024-Q4_ykao_yk-1536-4-make-product,ykao,M35,G11,3.0
cernak-2024-Q4_ykao_yk-1536-4-make-product_1_M36_3_G12,cernak-2024-Q4_ykao_yk-1536-4-make-product_1_M36_3_G12,2min melodie,2m melodie,"6:G,12",ID_M36,0.2,M36,cernak-2024-Q4_ykao_yk-1536-4-make-product,ykao,M36,G12,3.0
cernak-2024-Q4_ykao_yk-1536-4-make-product_1_M37_3_G13,cernak-2024-Q4_ykao_yk-1536-4-make-product_1_M37_3_G13,2min melodie,2m melodie,"6:G,13",ID_M37,0.2,M37,cernak-2024-Q4_ykao_yk-1536-4-make-product,ykao,M37,G13,3.0
cernak-2024-Q4_ykao_yk-1536-4-make-product_1_M38_3_G14,cernak-2024-Q4_ykao_yk-1536-4-make-product_1_M38_3_G14,2min melodie,2m melodie,"6:G,14",ID_M38,0.2,M38,cernak-2024-Q4_ykao_yk-1536-4-make-product,ykao,M38,G14,3.0
cernak-2024-Q4_ykao_yk-1536-4-make-product_1_M39_3_G15,cernak-2024-Q4_ykao_yk-1536-4-make-product_1_M39_3_G15,2min melodie,2m melodie,"6:G,15",ID_M39,0.2,M39,cernak-2024-Q4_ykao_yk-1536-4-make-product,ykao,M39,G15,3.0
cernak-2024-Q4_ykao_yk-1536-4-make-product_1_M40_3_G16,cernak-2024-Q4_ykao_yk-1536-4-make-product_1_M40_3_G16,2min melodie,2m melodie,"6:G,16",ID_M40,0.2,M40,cernak-2024-Q4_ykao_yk-1536-4-make-product,ykao,M40,G16,3.0
cernak-2024-Q4_ykao_yk-1536-4-make-product_1_M41_3_G17,cernak-2024-Q4_ykao_yk-1536-4-make-product_1_M41_3_G17,2min melodie,2m melodie,"6:G,17",ID_M41,0.2,M41,cernak-2024-Q4_ykao_yk-1536-4-make-product,ykao,M41,G17,3.0
cernak-2024-Q4_ykao_yk-1536-4-make-product_1_M42_3_G18,cernak-2024-Q4_ykao_yk-1536-4-make-product_1_M42_3_G18,2min melodie,2m melodie,"6:G,18",ID_M42,0.2,M42,cernak-2024-Q4_ykao_yk-1536-4-make-product,ykao,M42,G18,3.0
cernak-2024-Q4_ykao_yk-1536-4-make-product_1_M43_3_G19,cernak-2024-Q4_ykao_yk-1536-4-make-product_1_M43_3_G19,2min melodie,2m melodie,"6:G,19",ID_M43,0.2,M43,cernak-2024-Q4_ykao_yk-1536-4-make-product,ykao,M43,G19,3.0
cernak-2024-Q4_ykao_yk-1536-4-make-product_1_M44_3_G20,cernak-2024-Q4_ykao_yk-1536-4-make-product_1_M44_3_G20,2min melodie,2m melodie,"6:G,20",ID_M44,0.2,M44,cernak-2024-Q4_ykao_yk-1536-4-make-product,ykao,M44,G20,3.0
cernak-2024-Q4_ykao_yk-1536-4-make-product_1_M45_3_G21,cernak-2024-Q4_ykao_yk-1536-4-make-product_1_M45_3_G21,2min melodie,2m melodie,"6:G,21",ID_M45,0.2,M45,cernak-2024-Q4_ykao_yk-1536-4-make-product,ykao,M45,G21,3.0
cernak-2024-Q4_ykao_yk-1536-4-make-product_1_M46_3_G22,cernak-2024-Q4_ykao_yk-1536-4-make-product_1_M46_3_G22,2min melodie,2m melodie,"6:G,22",ID_M46,0.2,M46,cernak-2024-Q4_ykao_yk-1536-4-make-product,ykao,M46,G22,3.0
cernak-2024-Q4_ykao_yk-1536-4-make-product_1_M47_3_G23,cernak-2024-Q4_ykao_yk-1536-4-make-product_1_M47_3_G23,2min melodie,2m melodie,"6:G,23",ID_M47,0.2,M47,cernak-2024-Q4_ykao_yk-1536-4-make-product,ykao,M47,G23,3.0
cernak-2024-Q4_ykao_yk-1536-4-make-product_1_M48_3_G24,cernak-2024-Q4_ykao_yk-1536-4-make-product_1_M48_3_G24,2min melodie,2m melodie,"6:G,24",ID_M48,0.2,M48,cernak-2024-Q4_ykao_yk-1536-4-make-product,ykao,M48,G24,3.0
cernak-2024-Q4_ykao_yk-1536-4-make-product_1_O25_3_H1,cernak-2024-Q4_ykao_yk-1536-4-make-product_1_O25_3_H1,2min melodie,2m melodie,"6:H,1",ID_O25,0.2,O25,cernak-2024-Q4_ykao_yk-1536-4-make-product,ykao,O25,H1,3.0
cernak-2024-Q4_ykao_yk-1536-4-make-product_1_O26_3_H2,cernak-2024-Q4_ykao_yk-1536-4-make-product_1_O26_3_H2,2min melodie,2m melodie,"6:H,2",ID_O26,0.2,O26,cernak-2024-Q4_ykao_yk-1536-4-make-product,ykao,O26,H2,3.0
cernak-2024-Q4_ykao_yk-1536-4-make-product_1_O27_3_H3,cernak-2024-Q4_ykao_yk-1536-4-make-product_1_O27_3_H3,2min melodie,2m melodie,"6:H,3",ID_O27,0.2,O27,cernak-2024-Q4_ykao_yk-1536-4-make-product,ykao,O27,H3,3.0
cernak-2024-Q4_ykao_yk-1536-4-make-product_1_O28_3_H4,cernak-2024-Q4_ykao_yk-1536-4-make-product_1_O28_3_H4,2min melodie,2m melodie,"6:H,4",ID_O28,0.2,O28,cernak-2024-Q4_ykao_yk-1536-4-make-product,ykao,O28,H4,3.0
cernak-2024-Q4_ykao_yk-1536-4-make-product_1_O29_3_H5,cernak-2024-Q4_ykao_yk-1536-4-make-product_1_O29_3_H5,2min melodie,2m melodie,"6:H,5",ID_O29,0.2,O29,cernak-2024-Q4_ykao_yk-1536-4-make-product,ykao,O29,H5,3.0
cernak-2024-Q4_ykao_yk-1536-4-make-product_1_O30_3_H6,cernak-2024-Q4_ykao_yk-1536-4-make-product_1_O30_3_H6,2min melodie,2m melodie,"6:H,6",ID_O30,0.2,O30,cernak-2024-Q4_ykao_yk-1536-4-make-product,ykao,O30,H6,3.0
cernak-2024-Q4_ykao_yk-1536-4-make-product_1_O31_3_H7,cernak-2024-Q4_ykao_yk-1536-4-make-product_1_O31_3_H7,2min melodie,2m melodie,"6:H,7",ID_O31,0.2,O31,cernak-2024-Q4_ykao_yk-1536-4-make-product,ykao,O31,H7,3.0
cernak-2024-Q4_ykao_yk-1536-4-make-product_1_O32_3_H8,cernak-2024-Q4_ykao_yk-1536-4-make-product_1_O32_3_H8,2min melodie,2m melodie,"6:H,8",ID_O32,0.2,O32,cernak-2024-Q4_ykao_yk-1536-4-make-product,ykao,O32,H8,3.0
cernak-2024-Q4_ykao_yk-1536-4-make-product_1_O33_3_H9,cernak-2024-Q4_ykao_yk-1536-4-make-product_1_O33_3_H9,2min melodie,2m melodie,"6:H,9",ID_O33,0.2,O33,cernak-2024-Q4_ykao_yk-1536-4-make-product,ykao,O33,H9,3.0
cernak-2024-Q4_ykao_yk-1536-4-make-product_1_O34_3_H10,cernak-2024-Q4_ykao_yk-1536-4-make-product_1_O34_3_H10,2min melodie,2m melodie,"6:H,10",ID_O34,0.2,O34,cernak-2024-Q4_ykao_yk-1536-4-make-product,ykao,O34,H10,3.0
cernak-2024-Q4_ykao_yk-1536-4-make-product_1_O35_3_H11,cernak-2024-Q4_ykao_yk-1536-4-make-product_1_O35_3_H11,2min melodie,2m melodie,"6:H,11",ID_O35,0.2,O35,cernak-2024-Q4_ykao_yk-1536-4-make-product,ykao,O35,H11,3.0
cernak-2024-Q4_ykao_yk-1536-4-make-product_1_O36_3_H12,cernak-2024-Q4_ykao_yk-1536-4-make-product_1_O36_3_H12,2min melodie,2m melodie,"6:H,12",ID_O36,0.2,O36,cernak-2024-Q4_ykao_yk-1536-4-make-product,ykao,O36,H12,3.0
cernak-2024-Q4_ykao_yk-1536-4-make-product_1_O37_3_H13,cernak-2024-Q4_ykao_yk-1536-4-make-product_1_O37_3_H13,2min melodie,2m melodie,"6:H,13",ID_O37,0.2,O37,cernak-2024-Q4_ykao_yk-1536-4-make-product,ykao,O37,H13,3.0
cernak-2024-Q4_ykao_yk-1536-4-make-product_1_O38_3_H14,cernak-2024-Q4_ykao_yk-1536-4-make-product_1_O38_3_H14,2min melodie,2m melodie,"6:H,14",ID_O38,0.2,O38,cernak-2024-Q4_ykao_yk-1536-4-make-product,ykao,O38,H14,3.0
cernak-2024-Q4_ykao_yk-1536-4-make-product_1_O39_3_H15,cernak-2024-Q4_ykao_yk-1536-4-make-product_1_O39_3_H15,2min melodie,2m melodie,"6:H,15",ID_O39,0.2,O39,cernak-2024-Q4_ykao_yk-1536-4-make-product,ykao,O39,H15,3.0
cernak-2024-Q4_ykao_yk-1536-4-make-product_1_O40_3_H16,cernak-2024-Q4_ykao_yk-1536-4-make-product_1_O40_3_H16,2min melodie,2m melodie,"6:H,16",ID_O40,0.2,O40,cernak-2024-Q4_ykao_yk-1536-4-make-product,ykao,O40,H16,3.0
cernak-2024-Q4_ykao_yk-1536-4-make-product_1_O41_3_H17,cernak-2024-Q4_ykao_yk-1536-4-make-product_1_O41_3_H17,2min melodie,2m melodie,"6:H,17",ID_O41,0.2,O41,cernak-2024-Q4_ykao_yk-1536-4-make-product,ykao,O41,H17,3.0
cernak-2024-Q4_ykao_yk-1536-4-make-product_1_O42_3_H18,cernak-2024-Q4_ykao_yk-1536-4-make-product_1_O42_3_H18,2min melodie,2m melodie,"6:H,18",ID_O42,0.2,O42,cernak-2024-Q4_ykao_yk-1536-4-make-product,ykao,O42,H18,3.0
cernak-2024-Q4_ykao_yk-1536-4-make-product_1_O43_3_H19,cernak-2024-Q4_ykao_yk-1536-4-make-product_1_O43_3_H19,2min melodie,2m melodie,"6:H,19",ID_O43,0.2,O43,cernak-2024-Q4_ykao_yk-1536-4-make-product,ykao,O43,H19,3.0
cernak-2024-Q4_ykao_yk-1536-4-make-product_1_O44_3_H20,cernak-2024-Q4_ykao_yk-1536-4-make-product_1_O44_3_H20,2min melodie,2m melodie,"6:H,20",ID_O44,0.2,O44,cernak-2024-Q4_ykao_yk-1536-4-make-product,ykao,O44,H20,3.0
cernak-2024-Q4_ykao_yk-1536-4-make-product_1_O45_3_H21,cernak-2024-Q4_ykao_yk-1536-4-make-product_1_O45_3_H21,2min melodie,2m melodie,"6:H,21",ID_O45,0.2,O45,cernak-2024-Q4_ykao_yk-1536-4-make-product,ykao,O45,H21,3.0
cernak-2024-Q4_ykao_yk-1536-4-make-product_1_O46_3_H22,cernak-2024-Q4_ykao_yk-1536-4-make-product_1_O46_3_H22,2min melodie,2m melodie,"6:H,22",ID_O46,0.2,O46,cernak-2024-Q4_ykao_yk-1536-4-make-product,ykao,O46,H22,3.0
cernak-2024-Q4_ykao_yk-1536-4-make-product_1_O47_3_H23,cernak-2024-Q4_ykao_yk-1536-4-make-product_1_O47_3_H23,2min melodie,2m melodie,"6:H,23",ID_O47,0.2,O47,cernak-2024-Q4_ykao_yk-1536-4-make-product,ykao,O47,H23,3.0
cernak-2024-Q4_ykao_yk-1536-4-make-product_1_O48_3_H24,cernak-2024-Q4_ykao_yk-1536-4-make-product_1_O48_3_H24,2min melodie,2m melodie,"6:H,24",ID_O48,0.2,O48,cernak-2024-Q4_ykao_yk-1536-4-make-product,ykao,O48,H24,3.0
cernak-2024-Q4_ykao_yk-1536-4-make-product_1_Q25_3_I1,cernak-2024-Q4_ykao_yk-1536-4-make-product_1_Q25_3_I1,2min melodie,2m melodie,"6:I,1",ID_Q25,0.2,Q25,cernak-2024-Q4_ykao_yk-1536-4-make-product,ykao,Q25,I1,3.0
cernak-2024-Q4_ykao_yk-1536-4-make-product_1_Q26_3_I2,cernak-2024-Q4_ykao_yk-1536-4-make-product_1_Q26_3_I2,2min melodie,2m melodie,"6:I,2",ID_Q26,0.2,Q26,cernak-2024-Q4_ykao_yk-1536-4-make-product,ykao,Q26,I2,3.0
cernak-2024-Q4_ykao_yk-1536-4-make-product_1_Q27_3_I3,cernak-2024-Q4_ykao_yk-1536-4-make-product_1_Q27_3_I3,2min melodie,2m melodie,"6:I,3",ID_Q27,0.2,Q27,cernak-2024-Q4_ykao_yk-1536-4-make-product,ykao,Q27,I3,3.0
cernak-2024-Q4_ykao_yk-1536-4-make-product_1_Q28_3_I4,cernak-2024-Q4_ykao_yk-1536-4-make-product_1_Q28_3_I4,2min melodie,2m melodie,"6:I,4",ID_Q28,0.2,Q28,cernak-2024-Q4_ykao_yk-1536-4-make-product,ykao,Q28,I4,3.0
cernak-2024-Q4_ykao_yk-1536-4-make-product_1_Q29_3_I5,cernak-2024-Q4_ykao_yk-1536-4-make-product_1_Q29_3_I5,2min melodie,2m melodie,"6:I,5",ID_Q29,0.2,Q29,cernak-2024-Q4_ykao_yk-1536-4-make-product,ykao,Q29,I5,3.0
cernak-2024-Q4_ykao_yk-1536-4-make-product_1_Q30_3_I6,cernak-2024-Q4_ykao_yk-1536-4-make-product_1_Q30_3_I6,2min melodie,2m melodie,"6:I,6",ID_Q30,0.2,Q30,cernak-2024-Q4_ykao_yk-1536-4-make-product,ykao,Q30,I6,3.0
cernak-2024-Q4_ykao_yk-1536-4-make-product_1_Q31_3_I7,cernak-2024-Q4_ykao_yk-1536-4-make-product_1_Q31_3_I7,2min melodie,2m melodie,"6:I,7",ID_Q31,0.2,Q31,cernak-2024-Q4_ykao_yk-1536-4-make-product,ykao,Q31,I7,3.0
cernak-2024-Q4_ykao_yk-1536-4-make-product_1_Q32_3_I8,cernak-2024-Q4_ykao_yk-1536-4-make-product_1_Q32_3_I8,2min melodie,2m melodie,"6:I,8",ID_Q32,0.2,Q32,cernak-2024-Q4_ykao_yk-1536-4-make-product,ykao,Q32,I8,3.0
cernak-2024-Q4_ykao_yk-1536-4-make-product_1_Q33_3_I9,cernak-2024-Q4_ykao_yk-1536-4-make-product_1_Q33_3_I9,2min melodie,2m melodie,"6:I,9",ID_Q33,0.2,Q33,cernak-2024-Q4_ykao_yk-1536-4-make-product,ykao,Q33,I9,3.0
cernak-2024-Q4_ykao_yk-1536-4-make-product_1_Q34_3_I10,cernak-2024-Q4_ykao_yk-1536-4-make-product_1_Q34_3_I10,2min melodie,2m melodie,"6:I,10",ID_Q34,0.2,Q34,cernak-2024-Q4_ykao_yk-1536-4-make-product,ykao,Q34,I10,3.0
cernak-2024-Q4_ykao_yk-1536-4-make-product_1_Q35_3_I11,cernak-2024-Q4_ykao_yk-1536-4-make-product_1_Q35_3_I11,2min melodie,2m melodie,"6:I,11",ID_Q35,0.2,Q35,cernak-2024-Q4_ykao_yk-1536-4-make-product,ykao,Q35,I11,3.0
cernak-2024-Q4_ykao_yk-1536-4-make-product_1_Q36_3_I12,cernak-2024-Q4_ykao_yk-1536-4-make-product_1_Q36_3_I12,2min melodie,2m melodie,"6:I,12",ID_Q36,0.2,Q36,cernak-2024-Q4_ykao_yk-1536-4-make-product,ykao,Q36,I12,3.0
cernak-2024-Q4_ykao_yk-1536-4-make-product_1_Q37_3_I13,cernak-2024-Q4_ykao_yk-1536-4-make-product_1_Q37_3_I13,2min melodie,2m melodie,"6:I,13",ID_Q37,0.2,Q37,cernak-2024-Q4_ykao_yk-1536-4-make-product,ykao,Q37,I13,3.0
cernak-2024-Q4_ykao_yk-1536-4-make-product_1_Q38_3_I14,cernak-2024-Q4_ykao_yk-1536-4-make-product_1_Q38_3_I14,2min melodie,2m melodie,"6:I,14",ID_Q38,0.2,Q38,cernak-2024-Q4_ykao_yk-1536-4-make-product,ykao,Q38,I14,3.0
cernak-2024-Q4_ykao_yk-1536-4-make-product_1_Q39_3_I15,cernak-2024-Q4_ykao_yk-1536-4-make-product_1_Q39_3_I15,2min melodie,2m melodie,"6:I,15",ID_Q39,0.2,Q39,cernak-2024-Q4_ykao_yk-1536-4-make-product,ykao,Q39,I15,3.0
cernak-2024-Q4_ykao_yk-1536-4-make-product_1_Q40_3_I16,cernak-2024-Q4_ykao_yk-1536-4-make-product_1_Q40_3_I16,2min melodie,2m melodie,"6:I,16",ID_Q40,0.2,Q40,cernak-2024-Q4_ykao_yk-1536-4-make-product,ykao,Q40,I16,3.0
cernak-2024-Q4_ykao_yk-1536-4-make-product_1_Q41_3_I17,cernak-2024-Q4_ykao_yk-1536-4-make-product_1_Q41_3_I17,2min melodie,2m melodie,"6:I,17",ID_Q41,0.2,Q41,cernak-2024-Q4_ykao_yk-1536-4-make-product,ykao,Q41,I17,3.0
cernak-2024-Q4_ykao_yk-1536-4-make-product_1_Q42_3_I18,cernak-2024-Q4_ykao_yk-1536-4-make-product_1_Q42_3_I18,2min melodie,2m melodie,"6:I,18",ID_Q42,0.2,Q42,cernak-2024-Q4_ykao_yk-1536-4-make-product,ykao,Q42,I18,3.0
cernak-2024-Q4_ykao_yk-1536-4-make-product_1_Q43_3_I19,cernak-2024-Q4_ykao_yk-1536-4-make-product_1_Q43_3_I19,2min melodie,2m melodie,"6:I,19",ID_Q43,0.2,Q43,cernak-2024-Q4_ykao_yk-1536-4-make-product,ykao,Q43,I19,3.0
cernak-2024-Q4_ykao_yk-1536-4-make-product_1_Q44_3_I20,cernak-2024-Q4_ykao_yk-1536-4-make-product_1_Q44_3_I20,2min melodie,2m melodie,"6:I,20",ID_Q44,0.2,Q44,cernak-2024-Q4_ykao_yk-1536-4-make-product,ykao,Q44,I20,3.0
cernak-2024-Q4_ykao_yk-1536-4-make-product_1_Q45_3_I21,cernak-2024-Q4_ykao_yk-1536-4-make-product_1_Q45_3_I21,2min melodie,2m melodie,"6:I,21",ID_Q45,0.2,Q45,cernak-2024-Q4_ykao_yk-1536-4-make-product,ykao,Q45,I21,3.0
cernak-2024-Q4_ykao_yk-1536-4-make-product_1_Q46_3_I22,cernak-2024-Q4_ykao_yk-1536-4-make-product_1_Q46_3_I22,2min melodie,2m melodie,"6:I,22",ID_Q46,0.2,Q46,cernak-2024-Q4_ykao_yk-1536-4-make-product,ykao,Q46,I22,3.0
cernak-2024-Q4_ykao_yk-1536-4-make-product_1_Q47_3_I23,cernak-2024-Q4_ykao_yk-1536-4-make-product_1_Q47_3_I23,2min melodie,2m melodie,"6:I,23",ID_Q47,0.2,Q47,cernak-2024-Q4_ykao_yk-1536-4-make-product,ykao,Q47,I23,3.0
cernak-2024-Q4_ykao_yk-1536-4-make-product_1_Q48_3_I24,cernak-2024-Q4_ykao_yk-1536-4-make-product_1_Q48_3_I24,2min melodie,2m melodie,"6:I,24",ID_Q48,0.2,Q48,cernak-2024-Q4_ykao_yk-1536-4-make-product,ykao,Q48,I24,3.0
cernak-2024-Q4_ykao_yk-1536-4-make-product_1_S25_3_J1,cernak-2024-Q4_ykao_yk-1536-4-make-product_1_S25_3_J1,2min melodie,2m melodie,"6:J,1",ID_S25,0.2,S25,cernak-2024-Q4_ykao_yk-1536-4-make-product,ykao,S25,J1,3.0
cernak-2024-Q4_ykao_yk-1536-4-make-product_1_S26_3_J2,cernak-2024-Q4_ykao_yk-1536-4-make-product_1_S26_3_J2,2min melodie,2m melodie,"6:J,2",ID_S26,0.2,S26,cernak-2024-Q4_ykao_yk-1536-4-make-product,ykao,S26,J2,3.0
cernak-2024-Q4_ykao_yk-1536-4-make-product_1_S27_3_J3,cernak-2024-Q4_ykao_yk-1536-4-make-product_1_S27_3_J3,2min melodie,2m melodie,"6:J,3",ID_S27,0.2,S27,cernak-2024-Q4_ykao_yk-1536-4-make-product,ykao,S27,J3,3.0
cernak-2024-Q4_ykao_yk-1536-4-make-product_1_S28_3_J4,cernak-2024-Q4_ykao_yk-1536-4-make-product_1_S28_3_J4,2min melodie,2m melodie,"6:J,4",ID_S28,0.2,S28,cernak-2024-Q4_ykao_yk-1536-4-make-product,ykao,S28,J4,3.0
cernak-2024-Q4_ykao_yk-1536-4-make-product_1_S29_3_J5,cernak-2024-Q4_ykao_yk-1536-4-make-product_1_S29_3_J5,2min melodie,2m melodie,"6:J,5",ID_S29,0.2,S29,cernak-2024-Q4_ykao_yk-1536-4-make-product,ykao,S29,J5,3.0
cernak-2024-Q4_ykao_yk-1536-4-make-product_1_S30_3_J6,cernak-2024-Q4_ykao_yk-1536-4-make-product_1_S30_3_J6,2min melodie,2m melodie,"6:J,6",ID_S30,0.2,S30,cernak-2024-Q4_ykao_yk-1536-4-make-product,ykao,S30,J6,3.0
cernak-2024-Q4_ykao_yk-1536-4-make-product_1_S31_3_J7,cernak-2024-Q4_ykao_yk-1536-4-make-product_1_S31_3_J7,2min melodie,2m melodie,"6:J,7",ID_S31,0.2,S31,cernak-2024-Q4_ykao_yk-1536-4-make-product,ykao,S31,J7,3.0
cernak-2024-Q4_ykao_yk-1536-4-make-product_1_S32_3_J8,cernak-2024-Q4_ykao_yk-1536-4-make-product_1_S32_3_J8,2min melodie,2m melodie,"6:J,8",ID_S32,0.2,S32,cernak-2024-Q4_ykao_yk-1536-4-make-product,ykao,S32,J8,3.0
cernak-2024-Q4_ykao_yk-1536-4-make-product_1_S33_3_J9,cernak-2024-Q4_ykao_yk-1536-4-make-product_1_S33_3_J9,2min melodie,2m melodie,"6:J,9",ID_S33,0.2,S33,cernak-2024-Q4_ykao_yk-1536-4-make-product,ykao,S33,J9,3.0
cernak-2024-Q4_ykao_yk-1536-4-make-product_1_S34_3_J10,cernak-2024-Q4_ykao_yk-1536-4-make-product_1_S34_3_J10,2min melodie,2m melodie,"6:J,10",ID_S34,0.2,S34,cernak-2024-Q4_ykao_yk-1536-4-make-product,ykao,S34,J10,3.0
cernak-2024-Q4_ykao_yk-1536-4-make-product_1_S35_3_J11,cernak-2024-Q4_ykao_yk-1536-4-make-product_1_S35_3_J11,2min melodie,2m melodie,"6:J,11",ID_S35,0.2,S35,cernak-2024-Q4_ykao_yk-1536-4-make-product,ykao,S35,J11,3.0
cernak-2024-Q4_ykao_yk-1536-4-make-product_1_S36_3_J12,cernak-2024-Q4_ykao_yk-1536-4-make-product_1_S36_3_J12,2min melodie,2m melodie,"6:J,12",ID_S36,0.2,S36,cernak-2024-Q4_ykao_yk-1536-4-make-product,ykao,S36,J12,3.0
cernak-2024-Q4_ykao_yk-1536-4-make-product_1_S37_3_J13,cernak-2024-Q4_ykao_yk-1536-4-make-product_1_S37_3_J13,2min melodie,2m melodie,"6:J,13",ID_S37,0.2,S37,cernak-2024-Q4_ykao_yk-1536-4-make-product,ykao,S37,J13,3.0
cernak-2024-Q4_ykao_yk-1536-4-make-product_1_S38_3_J14,cernak-2024-Q4_ykao_yk-1536-4-make-product_1_S38_3_J14,2min melodie,2m melodie,"6:J,14",ID_S38,0.2,S38,cernak-2024-Q4_ykao_yk-1536-4-make-product,ykao,S38,J14,3.0
cernak-2024-Q4_ykao_yk-1536-4-make-product_1_S39_3_J15,cernak-2024-Q4_ykao_yk-1536-4-make-product_1_S39_3_J15,2min melodie,2m melodie,"6:J,15",ID_S39,0.2,S39,cernak-2024-Q4_ykao_yk-1536-4-make-product,ykao,S39,J15,3.0
cernak-2024-Q4_ykao_yk-1536-4-make-product_1_S40_3_J16,cernak-2024-Q4_ykao_yk-1536-4-make-product_1_S40_3_J16,2min melodie,2m melodie,"6:J,16",ID_S40,0.2,S40,cernak-2024-Q4_ykao_yk-1536-4-make-product,ykao,S40,J16,3.0
cernak-2024-Q4_ykao_yk-1536-4-make-product_1_S41_3_J17,cernak-2024-Q4_ykao_yk-1536-4-make-product_1_S41_3_J17,2min melodie,2m melodie,"6:J,17",ID_S41,0.2,S41,cernak-2024-Q4_ykao_yk-1536-4-make-product,ykao,S41,J17,3.0
cernak-2024-Q4_ykao_yk-1536-4-make-product_1_S42_3_J18,cernak-2024-Q4_ykao_yk-1536-4-make-product_1_S42_3_J18,2min melodie,2m melodie,"6:J,18",ID_S42,0.2,S42,cernak-2024-Q4_ykao_yk-1536-4-make-product,ykao,S42,J18,3.0
cernak-2024-Q4_ykao_yk-1536-4-make-product_1_S43_3_J19,cernak-2024-Q4_ykao_yk-1536-4-make-product_1_S43_3_J19,2min melodie,2m melodie,"6:J,19",ID_S43,0.2,S43,cernak-2024-Q4_ykao_yk-1536-4-make-product,ykao,S43,J19,3.0
cernak-2024-Q4_ykao_yk-1536-4-make-product_1_S44_3_J20,cernak-2024-Q4_ykao_yk-1536-4-make-product_1_S44_3_J20,2min melodie,2m melodie,"6:J,20",ID_S44,0.2,S44,cernak-2024-Q4_ykao_yk-1536-4-make-product,ykao,S44,J20,3.0
cernak-2024-Q4_ykao_yk-1536-4-make-product_1_S45_3_J21,cernak-2024-Q4_ykao_yk-1536-4-make-product_1_S45_3_J21,2min melodie,2m melodie,"6:J,21",ID_S45,0.2,S45,cernak-2024-Q4_ykao_yk-1536-4-make-product,ykao,S45,J21,3.0
cernak-2024-Q4_ykao_yk-1536-4-make-product_1_S46_3_J22,cernak-2024-Q4_ykao_yk-1536-4-make-product_1_S46_3_J22,2min melodie,2m melodie,"6:J,22",ID_S46,0.2,S46,cernak-2024-Q4_ykao_yk-1536-4-make-product,ykao,S46,J22,3.0
cernak-2024-Q4_ykao_yk-1536-4-make-product_1_S47_3_J23,cernak-2024-Q4_ykao_yk-1536-4-make-product_1_S47_3_J23,2min melodie,2m melodie,"6:J,23",ID_S47,0.2,S47,cernak-2024-Q4_ykao_yk-1536-4-make-product,ykao,S47,J23,3.0
cernak-2024-Q4_ykao_yk-1536-4-make-product_1_S48_3_J24,cernak-2024-Q4_ykao_yk-1536-4-make-product_1_S48_3_J24,2min melodie,2m melodie,"6:J,24",ID_S48,0.2,S48,cernak-2024-Q4_ykao_yk-1536-4-make-product,ykao,S48,J24,3.0
cernak-2024-Q4_ykao_yk-1536-4-make-product_1_U25_3_K1,cernak-2024-Q4_ykao_yk-1536-4-make-product_1_U25_3_K1,2min melodie,2m melodie,"6:K,1",ID_U25,0.2,U25,cernak-2024-Q4_ykao_yk-1536-4-make-product,ykao,U25,K1,3.0
cernak-2024-Q4_ykao_yk-1536-4-make-product_1_U26_3_K2,cernak-2024-Q4_ykao_yk-1536-4-make-product_1_U26_3_K2,2min melodie,2m melodie,"6:K,2",ID_U26,0.2,U26,cernak-2024-Q4_ykao_yk-1536-4-make-product,ykao,U26,K2,3.0
cernak-2024-Q4_ykao_yk-1536-4-make-product_1_U27_3_K3,cernak-2024-Q4_ykao_yk-1536-4-make-product_1_U27_3_K3,2min melodie,2m melodie,"6:K,3",ID_U27,0.2,U27,cernak-2024-Q4_ykao_yk-1536-4-make-product,ykao,U27,K3,3.0
cernak-2024-Q4_ykao_yk-1536-4-make-product_1_U28_3_K4,cernak-2024-Q4_ykao_yk-1536-4-make-product_1_U28_3_K4,2min melodie,2m melodie,"6:K,4",ID_U28,0.2,U28,cernak-2024-Q4_ykao_yk-1536-4-make-product,ykao,U28,K4,3.0
cernak-2024-Q4_ykao_yk-1536-4-make-product_1_U29_3_K5,cernak-2024-Q4_ykao_yk-1536-4-make-product_1_U29_3_K5,2min melodie,2m melodie,"6:K,5",ID_U29,0.2,U29,cernak-2024-Q4_ykao_yk-1536-4-make-product,ykao,U29,K5,3.0
cernak-2024-Q4_ykao_yk-1536-4-make-product_1_U30_3_K6,cernak-2024-Q4_ykao_yk-1536-4-make-product_1_U30_3_K6,2min melodie,2m melodie,"6:K,6",ID_U30,0.2,U30,cernak-2024-Q4_ykao_yk-1536-4-make-product,ykao,U30,K6,3.0
cernak-2024-Q4_ykao_yk-1536-4-make-product_1_U31_3_K7,cernak-2024-Q4_ykao_yk-1536-4-make-product_1_U31_3_K7,2min melodie,2m melodie,"6:K,7",ID_U31,0.2,U31,cernak-2024-Q4_ykao_yk-1536-4-make-product,ykao,U31,K7,3.0
cernak-2024-Q4_ykao_yk-1536-4-make-product_1_U32_3_K8,cernak-2024-Q4_ykao_yk-1536-4-make-product_1_U32_3_K8,2min melodie,2m melodie,"6:K,8",ID_U32,0.2,U32,cernak-2024-Q4_ykao_yk-1536-4-make-product,ykao,U32,K8,3.0
cernak-2024-Q4_ykao_yk-1536-4-make-product_1_U33_3_K9,cernak-2024-Q4_ykao_yk-1536-4-make-product_1_U33_3_K9,2min melodie,2m melodie,"6:K,9",ID_U33,0.2,U33,cernak-2024-Q4_ykao_yk-1536-4-make-product,ykao,U33,K9,3.0
cernak-2024-Q4_ykao_yk-1536-4-make-product_1_U34_3_K10,cernak-2024-Q4_ykao_yk-1536-4-make-product_1_U34_3_K10,2min melodie,2m melodie,"6:K,10",ID_U34,0.2,U34,cernak-2024-Q4_ykao_yk-1536-4-make-product,ykao,U34,K10,3.0
cernak-2024-Q4_ykao_yk-1536-4-make-product_1_U35_3_K11,cernak-2024-Q4_ykao_yk-1536-4-make-product_1_U35_3_K11,2min melodie,2m melodie,"6:K,11",ID_U35,0.2,U35,cernak-2024-Q4_ykao_yk-1536-4-make-product,ykao,U35,K11,3.0
cernak-2024-Q4_ykao_yk-1536-4-make-product_1_U36_3_K12,cernak-2024-Q4_ykao_yk-1536-4-make-product_1_U36_3_K12,2min melodie,2m melodie,"6:K,12",ID_U36,0.2,U36,cernak-2024-Q4_ykao_yk-1536-4-make-product,ykao,U36,K12,3.0
cernak-2024-Q4_ykao_yk-1536-4-make-product_1_U37_3_K13,cernak-2024-Q4_ykao_yk-1536-4-make-product_1_U37_3_K13,2min melodie,2m melodie,"6:K,13",ID_U37,0.2,U37,cernak-2024-Q4_ykao_yk-1536-4-make-product,ykao,U37,K13,3.0
cernak-2024-Q4_ykao_yk-1536-4-make-product_1_U38_3_K14,cernak-2024-Q4_ykao_yk-1536-4-make-product_1_U38_3_K14,2min melodie,2m melodie,"6:K,14",ID_U38,0.2,U38,cernak-2024-Q4_ykao_yk-1536-4-make-product,ykao,U38,K14,3.0
cernak-2024-Q4_ykao_yk-1536-4-make-product_1_U39_3_K15,cernak-2024-Q4_ykao_yk-1536-4-make-product_1_U39_3_K15,2min melodie,2m melodie,"6:K,15",ID_U39,0.2,U39,cernak-2024-Q4_ykao_yk-1536-4-make-product,ykao,U39,K15,3.0
cernak-2024-Q4_ykao_yk-1536-4-make-product_1_U40_3_K16,cernak-2024-Q4_ykao_yk-1536-4-make-product_1_U40_3_K16,2min melodie,2m melodie,"6:K,16",ID_U40,0.2,U40,cernak-2024-Q4_ykao_yk-1536-4-make-product,ykao,U40,K16,3.0
cernak-2024-Q4_ykao_yk-1536-4-make-product_1_U41_3_K17,cernak-2024-Q4_ykao_yk-1536-4-make-product_1_U41_3_K17,2min melodie,2m melodie,"6:K,17",ID_U41,0.2,U41,cernak-2024-Q4_ykao_yk-1536-4-make-product,ykao,U41,K17,3.0
cernak-2024-Q4_ykao_yk-1536-4-make-product_1_U42_3_K18,cernak-2024-Q4_ykao_yk-1536-4-make-product_1_U42_3_K18,2min melodie,2m melodie,"6:K,18",ID_U42,0.2,U42,cernak-2024-Q4_ykao_yk-1536-4-make-product,ykao,U42,K18,3.0
cernak-2024-Q4_ykao_yk-1536-4-make-product_1_U43_3_K19,cernak-2024-Q4_ykao_yk-1536-4-make-product_1_U43_3_K19,2min melodie,2m melodie,"6:K,19",ID_U43,0.2,U43,cernak-2024-Q4_ykao_yk-1536-4-make-product,ykao,U43,K19,3.0
cernak-2024-Q4_ykao_yk-1536-4-make-product_1_U44_3_K20,cernak-2024-Q4_ykao_yk-1536-4-make-product_1_U44_3_K20,2min melodie,2m melodie,"6:K,20",ID_U44,0.2,U44,cernak-2024-Q4_ykao_yk-1536-4-make-product,ykao,U44,K20,3.0
cernak-2024-Q4_ykao_yk-1536-4-make-product_1_U45_3_K21,cernak-2024-Q4_ykao_yk-1536-4-make-product_1_U45_3_K21,2min melodie,2m melodie,"6:K,21",ID_U45,0.2,U45,cernak-2024-Q4_ykao_yk-1536-4-make-product,ykao,U45,K21,3.0
cernak-2024-Q4_ykao_yk-1536-4-make-product_1_U46_3_K22,cernak-2024-Q4_ykao_yk-1536-4-make-product_1_U46_3_K22,2min melodie,2m melodie,"6:K,22",ID_U46,0.2,U46,cernak-2024-Q4_ykao_yk-1536-4-make-product,ykao,U46,K22,3.0
cernak-2024-Q4_ykao_yk-1536-4-make-product_1_U47_3_K23,cernak-2024-Q4_ykao_yk-1536-4-make-product_1_U47_3_K23,2min melodie,2m melodie,"6:K,23",ID_U47,0.2,U47,cernak-2024-Q4_ykao_yk-1536-4-make-product,ykao,U47,K23,3.0
cernak-2024-Q4_ykao_yk-1536-4-make-product_1_U48_3_K24,cernak-2024-Q4_ykao_yk-1536-4-make-product_1_U48_3_K24,2min melodie,2m melodie,"6:K,24",ID_U48,0.2,U48,cernak-2024-Q4_ykao_yk-1536-4-make-product,ykao,U48,K24,3.0
cernak-2024-Q4_ykao_yk-1536-4-make-product_1_W25_3_L1,cernak-2024-Q4_ykao_yk-1536-4-make-product_1_W25_3_L1,2min melodie,2m melodie,"6:L,1",ID_W25,0.2,W25,cernak-2024-Q4_ykao_yk-1536-4-make-product,ykao,W25,L1,3.0
cernak-2024-Q4_ykao_yk-1536-4-make-product_1_W26_3_L2,cernak-2024-Q4_ykao_yk-1536-4-make-product_1_W26_3_L2,2min melodie,2m melodie,"6:L,2",ID_W26,0.2,W26,cernak-2024-Q4_ykao_yk-1536-4-make-product,ykao,W26,L2,3.0
cernak-2024-Q4_ykao_yk-1536-4-make-product_1_W27_3_L3,cernak-2024-Q4_ykao_yk-1536-4-make-product_1_W27_3_L3,2min melodie,2m melodie,"6:L,3",ID_W27,0.2,W27,cernak-2024-Q4_ykao_yk-1536-4-make-product,ykao,W27,L3,3.0
cernak-2024-Q4_ykao_yk-1536-4-make-product_1_W28_3_L4,cernak-2024-Q4_ykao_yk-1536-4-make-product_1_W28_3_L4,2min melodie,2m melodie,"6:L,4",ID_W28,0.2,W28,cernak-2024-Q4_ykao_yk-1536-4-make-product,ykao,W28,L4,3.0
cernak-2024-Q4_ykao_yk-1536-4-make-product_1_W29_3_L5,cernak-2024-Q4_ykao_yk-1536-4-make-product_1_W29_3_L5,2min melodie,2m melodie,"6:L,5",ID_W29,0.2,W29,cernak-2024-Q4_ykao_yk-1536-4-make-product,ykao,W29,L5,3.0
cernak-2024-Q4_ykao_yk-1536-4-make-product_1_W30_3_L6,cernak-2024-Q4_ykao_yk-1536-4-make-product_1_W30_3_L6,2min melodie,2m melodie,"6:L,6",ID_W30,0.2,W30,cernak-2024-Q4_ykao_yk-1536-4-make-product,ykao,W30,L6,3.0
cernak-2024-Q4_ykao_yk-1536-4-make-product_1_W31_3_L7,cernak-2024-Q4_ykao_yk-1536-4-make-product_1_W31_3_L7,2min melodie,2m melodie,"6:L,7",ID_W31,0.2,W31,cernak-2024-Q4_ykao_yk-1536-4-make-product,ykao,W31,L7,3.0
cernak-2024-Q4_ykao_yk-1536-4-make-product_1_W32_3_L8,cernak-2024-Q4_ykao_yk-1536-4-make-product_1_W32_3_L8,2min melodie,2m melodie,"6:L,8",ID_W32,0.2,W32,cernak-2024-Q4_ykao_yk-1536-4-make-product,ykao,W32,L8,3.0
cernak-2024-Q4_ykao_yk-1536-4-make-product_1_W33_3_L9,cernak-2024-Q4_ykao_yk-1536-4-make-product_1_W33_3_L9,2min melodie,2m melodie,"6:L,9",ID_W33,0.2,W33,cernak-2024-Q4_ykao_yk-1536-4-make-product,ykao,W33,L9,3.0
cernak-2024-Q4_ykao_yk-1536-4-make-product_1_W34_3_L10,cernak-2024-Q4_ykao_yk-1536-4-make-product_1_W34_3_L10,2min melodie,2m melodie,"6:L,10",ID_W34,0.2,W34,cernak-2024-Q4_ykao_yk-1536-4-make-product,ykao,W34,L10,3.0
cernak-2024-Q4_ykao_yk-1536-4-make-product_1_W35_3_L11,cernak-2024-Q4_ykao_yk-1536-4-make-product_1_W35_3_L11,2min melodie,2m melodie,"6:L,11",ID_W35,0.2,W35,cernak-2024-Q4_ykao_yk-1536-4-make-product,ykao,W35,L11,3.0
cernak-2024-Q4_ykao_yk-1536-4-make-product_1_W36_3_L12,cernak-2024-Q4_ykao_yk-1536-4-make-product_1_W36_3_L12,2min melodie,2m melodie,"6:L,12",ID_W36,0.2,W36,cernak-2024-Q4_ykao_yk-1536-4-make-product,ykao,W36,L12,3.0
cernak-2024-Q4_ykao_yk-1536-4-make-product_1_W37_3_L13,cernak-2024-Q4_ykao_yk-1536-4-make-product_1_W37_3_L13,2min melodie,2m melodie,"6:L,13",ID_W37,0.2,W37,cernak-2024-Q4_ykao_yk-1536-4-make-product,ykao,W37,L13,3.0
cernak-2024-Q4_ykao_yk-1536-4-make-product_1_W38_3_L14,cernak-2024-Q4_ykao_yk-1536-4-make-product_1_W38_3_L14,2min melodie,2m melodie,"6:L,14",ID_W38,0.2,W38,cernak-2024-Q4_ykao_yk-1536-4-make-product,ykao,W38,L14,3.0
cernak-2024-Q4_ykao_yk-1536-4-make-product_1_W39_3_L15,cernak-2024-Q4_ykao_yk-1536-4-make-product_1_W39_3_L15,2min melodie,2m melodie,"6:L,15",ID_W39,0.2,W39,cernak-2024-Q4_ykao_yk-1536-4-make-product,ykao,W39,L15,3.0
cernak-2024-Q4_ykao_yk-1536-4-make-product_1_W40_3_L16,cernak-2024-Q4_ykao_yk-1536-4-make-product_1_W40_3_L16,2min melodie,2m melodie,"6:L,16",ID_W40,0.2,W40,cernak-2024-Q4_ykao_yk-1536-4-make-product,ykao,W40,L16,3.0
cernak-2024-Q4_ykao_yk-1536-4-make-product_1_W41_3_L17,cernak-2024-Q4_ykao_yk-1536-4-make-product_1_W41_3_L17,2min melodie,2m melodie,"6:L,17",ID_W41,0.2,W41,cernak-2024-Q4_ykao_yk-1536-4-make-product,ykao,W41,L17,3.0
cernak-2024-Q4_ykao_yk-1536-4-make-product_1_W42_3_L18,cernak-2024-Q4_ykao_yk-1536-4-make-product_1_W42_3_L18,2min melodie,2m melodie,"6:L,18",ID_W42,0.2,W42,cernak-2024-Q4_ykao_yk-1536-4-make-product,ykao,W42,L18,3.0
cernak-2024-Q4_ykao_yk-1536-4-make-product_1_W43_3_L19,cernak-2024-Q4_ykao_yk-1536-4-make-product_1_W43_3_L19,2min melodie,2m melodie,"6:L,19",ID_W43,0.2,W43,cernak-2024-Q4_ykao_yk-1536-4-make-product,ykao,W43,L19,3.0
cernak-2024-Q4_ykao_yk-1536-4-make-product_1_W44_3_L20,cernak-2024-Q4_ykao_yk-1536-4-make-product_1_W44_3_L20,2min melodie,2m melodie,"6:L,20",ID_W44,0.2,W44,cernak-2024-Q4_ykao_yk-1536-4-make-product,ykao,W44,L20,3.0
cernak-2024-Q4_ykao_yk-1536-4-make-product_1_W45_3_L21,cernak-2024-Q4_ykao_yk-1536-4-make-product_1_W45_3_L21,2min melodie,2m melodie,"6:L,21",ID_W45,0.2,W45,cernak-2024-Q4_ykao_yk-1536-4-make-product,ykao,W45,L21,3.0
cernak-2024-Q4_ykao_yk-1536-4-make-product_1_W46_3_L22,cernak-2024-Q4_ykao_yk-1536-4-make-product_1_W46_3_L22,2min melodie,2m melodie,"6:L,22",ID_W46,0.2,W46,cernak-2024-Q4_ykao_yk-1536-4-make-product,ykao,W46,L22,3.0
cernak-2024-Q4_ykao_yk-1536-4-make-product_1_W47_3_L23,cernak-2024-Q4_ykao_yk-1536-4-make-product_1_W47_3_L23,2min melodie,2m melodie,"6:L,23",ID_W47,0.2,W47,cernak-2024-Q4_ykao_yk-1536-4-make-product,ykao,W47,L23,3.0
cernak-2024-Q4_ykao_yk-1536-4-make-product_1_W48_3_L24,cernak-2024-Q4_ykao_yk-1536-4-make-product_1_W48_3_L24,2min melodie,2m melodie,"6:L,24",ID_W48,0.2,W48,cernak-2024-Q4_ykao_yk-1536-4-make-product,ykao,W48,L24,3.0
cernak-2024-Q4_ykao_yk-1536-4-make-product_1_Y25_3_M1,cernak-2024-Q4_ykao_yk-1536-4-make-product_1_Y25_3_M1,2min melodie,2m melodie,"6:M,1",ID_Y25,0.2,Y25,cernak-2024-Q4_ykao_yk-1536-4-make-product,ykao,Y25,M1,3.0
cernak-2024-Q4_ykao_yk-1536-4-make-product_1_Y26_3_M2,cernak-2024-Q4_ykao_yk-1536-4-make-product_1_Y26_3_M2,2min melodie,2m melodie,"6:M,2",ID_Y26,0.2,Y26,cernak-2024-Q4_ykao_yk-1536-4-make-product,ykao,Y26,M2,3.0
cernak-2024-Q4_ykao_yk-1536-4-make-product_1_Y27_3_M3,cernak-2024-Q4_ykao_yk-1536-4-make-product_1_Y27_3_M3,2min melodie,2m melodie,"6:M,3",ID_Y27,0.2,Y27,cernak-2024-Q4_ykao_yk-1536-4-make-product,ykao,Y27,M3,3.0
cernak-2024-Q4_ykao_yk-1536-4-make-product_1_Y28_3_M4,cernak-2024-Q4_ykao_yk-1536-4-make-product_1_Y28_3_M4,2min melodie,2m melodie,"6:M,4",ID_Y28,0.2,Y28,cernak-2024-Q4_ykao_yk-1536-4-make-product,ykao,Y28,M4,3.0
cernak-2024-Q4_ykao_yk-1536-4-make-product_1_Y29_3_M5,cernak-2024-Q4_ykao_yk-1536-4-make-product_1_Y29_3_M5,2min melodie,2m melodie,"6:M,5",ID_Y29,0.2,Y29,cernak-2024-Q4_ykao_yk-1536-4-make-product,ykao,Y29,M5,3.0
cernak-2024-Q4_ykao_yk-1536-4-make-product_1_Y30_3_M6,cernak-2024-Q4_ykao_yk-1536-4-make-product_1_Y30_3_M6,2min melodie,2m melodie,"6:M,6",ID_Y30,0.2,Y30,cernak-2024-Q4_ykao_yk-1536-4-make-product,ykao,Y30,M6,3.0
cernak-2024-Q4_ykao_yk-1536-4-make-product_1_Y31_3_M7,cernak-2024-Q4_ykao_yk-1536-4-make-product_1_Y31_3_M7,2min melodie,2m melodie,"6:M,7",ID_Y31,0.2,Y31,cernak-2024-Q4_ykao_yk-1536-4-make-product,ykao,Y31,M7,3.0
cernak-2024-Q4_ykao_yk-1536-4-make-product_1_Y32_3_M8,cernak-2024-Q4_ykao_yk-1536-4-make-product_1_Y32_3_M8,2min melodie,2m melodie,"6:M,8",ID_Y32,0.2,Y32,cernak-2024-Q4_ykao_yk-1536-4-make-product,ykao,Y32,M8,3.0
cernak-2024-Q4_ykao_yk-1536-4-make-product_1_Y33_3_M9,cernak-2024-Q4_ykao_yk-1536-4-make-product_1_Y33_3_M9,2min melodie,2m melodie,"6:M,9",ID_Y33,0.2,Y33,cernak-2024-Q4_ykao_yk-1536-4-make-product,ykao,Y33,M9,3.0
cernak-2024-Q4_ykao_yk-1536-4-make-product_1_Y34_3_M10,cernak-2024-Q4_ykao_yk-1536-4-make-product_1_Y34_3_M10,2min melodie,2m melodie,"6:M,10",ID_Y34,0.2,Y34,cernak-2024-Q4_ykao_yk-1536-4-make-product,ykao,Y34,M10,3.0
cernak-2024-Q4_ykao_yk-1536-4-make-product_1_Y35_3_M11,cernak-2024-Q4_ykao_yk-1536-4-make-product_1_Y35_3_M11,2min melodie,2m melodie,"6:M,11",ID_Y35,0.2,Y35,cernak-2024-Q4_ykao_yk-1536-4-make-product,ykao,Y35,M11,3.0
cernak-2024-Q4_ykao_yk-1536-4-make-product_1_Y36_3_M12,cernak-2024-Q4_ykao_yk-1536-4-make-product_1_Y36_3_M12,2min melodie,2m melodie,"6:M,12",ID_Y36,0.2,Y36,cernak-2024-Q4_ykao_yk-1536-4-make-product,ykao,Y36,M12,3.0
cernak-2024-Q4_ykao_yk-1536-4-make-product_1_Y37_3_M13,cernak-2024-Q4_ykao_yk-1536-4-make-product_1_Y37_3_M13,2min melodie,2m melodie,"6:M,13",ID_Y37,0.2,Y37,cernak-2024-Q4_ykao_yk-1536-4-make-product,ykao,Y37,M13,3.0
cernak-2024-Q4_ykao_yk-1536-4-make-product_1_Y38_3_M14,cernak-2024-Q4_ykao_yk-1536-4-make-product_1_Y38_3_M14,2min melodie,2m melodie,"6:M,14",ID_Y38,0.2,Y38,cernak-2024-Q4_ykao_yk-1536-4-make-product,ykao,Y38,M14,3.0
cernak-2024-Q4_ykao_yk-1536-4-make-product_1_Y39_3_M15,cernak-2024-Q4_ykao_yk-1536-4-make-product_1_Y39_3_M15,2min melodie,2m melodie,"6:M,15",ID_Y39,0.2,Y39,cernak-2024-Q4_ykao_yk-1536-4-make-product,ykao,Y39,M15,3.0
cernak-2024-Q4_ykao_yk-1536-4-make-product_1_Y40_3_M16,cernak-2024-Q4_ykao_yk-1536-4-make-product_1_Y40_3_M16,2min melodie,2m melodie,"6:M,16",ID_Y40,0.2,Y40,cernak-2024-Q4_ykao_yk-1536-4-make-product,ykao,Y40,M16,3.0
cernak-2024-Q4_ykao_yk-1536-4-make-product_1_Y41_3_M17,cernak-2024-Q4_ykao_yk-1536-4-make-product_1_Y41_3_M17,2min melodie,2m melodie,"6:M,17",ID_Y41,0.2,Y41,cernak-2024-Q4_ykao_yk-1536-4-make-product,ykao,Y41,M17,3.0
cernak-2024-Q4_ykao_yk-1536-4-make-product_1_Y42_3_M18,cernak-2024-Q4_ykao_yk-1536-4-make-product_1_Y42_3_M18,2min melodie,2m melodie,"6:M,18",ID_Y42,0.2,Y42,cernak-2024-Q4_ykao_yk-1536-4-make-product,ykao,Y42,M18,3.0
cernak-2024-Q4_ykao_yk-1536-4-make-product_1_Y43_3_M19,cernak-2024-Q4_ykao_yk-1536-4-make-product_1_Y43_3_M19,2min melodie,2m melodie,"6:M,19",ID_Y43,0.2,Y43,cernak-2024-Q4_ykao_yk-1536-4-make-product,ykao,Y43,M19,3.0
cernak-2024-Q4_ykao_yk-1536-4-make-product_1_Y44_3_M20,cernak-2024-Q4_ykao_yk-1536-4-make-product_1_Y44_3_M20,2min melodie,2m melodie,"6:M,20",ID_Y44,0.2,Y44,cernak-2024-Q4_ykao_yk-1536-4-make-product,ykao,Y44,M20,3.0
cernak-2024-Q4_ykao_yk-1536-4-make-product_1_Y45_3_M21,cernak-2024-Q4_ykao_yk-1536-4-make-product_1_Y45_3_M21,2min melodie,2m melodie,"6:M,21",ID_Y45,0.2,Y45,cernak-2024-Q4_ykao_yk-1536-4-make-product,ykao,Y45,M21,3.0
cernak-2024-Q4_ykao_yk-1536-4-make-product_1_Y46_3_M22,cernak-2024-Q4_ykao_yk-1536-4-make-product_1_Y46_3_M22,2min melodie,2m melodie,"6:M,22",ID_Y46,0.2,Y46,cernak-2024-Q4_ykao_yk-1536-4-make-product,ykao,Y46,M22,3.0
cernak-2024-Q4_ykao_yk-1536-4-make-product_1_Y47_3_M23,cernak-2024-Q4_ykao_yk-1536-4-make-product_1_Y47_3_M23,2min melodie,2m melodie,"6:M,23",ID_Y47,0.2,Y47,cernak-2024-Q4_ykao_yk-1536-4-make-product,ykao,Y47,M23,3.0
cernak-2024-Q4_ykao_yk-1536-4-make-product_1_Y48_3_M24,cernak-2024-Q4_ykao_yk-1536-4-make-product_1_Y48_3_M24,2min melodie,2m melodie,"6:M,24",ID_Y48,0.2,Y48,cernak-2024-Q4_ykao_yk-1536-4-make-product,ykao,Y48,M24,3.0
cernak-2024-Q4_ykao_yk-1536-4-make-product_1_AA25_3_N1,cernak-2024-Q4_ykao_yk-1536-4-make-product_1_AA25_3_N1,2min melodie,2m melodie,"6:N,1",ID_AA25,0.2,AA25,cernak-2024-Q4_ykao_yk-1536-4-make-product,ykao,AA25,N1,3.0
cernak-2024-Q4_ykao_yk-1536-4-make-product_1_AA26_3_N2,cernak-2024-Q4_ykao_yk-1536-4-make-product_1_AA26_3_N2,2min melodie,2m melodie,"6:N,2",ID_AA26,0.2,AA26,cernak-2024-Q4_ykao_yk-1536-4-make-product,ykao,AA26,N2,3.0
cernak-2024-Q4_ykao_yk-1536-4-make-product_1_AA27_3_N3,cernak-2024-Q4_ykao_yk-1536-4-make-product_1_AA27_3_N3,2min melodie,2m melodie,"6:N,3",ID_AA27,0.2,AA27,cernak-2024-Q4_ykao_yk-1536-4-make-product,ykao,AA27,N3,3.0
cernak-2024-Q4_ykao_yk-1536-4-make-product_1_AA28_3_N4,cernak-2024-Q4_ykao_yk-1536-4-make-product_1_AA28_3_N4,2min melodie,2m melodie,"6:N,4",ID_AA28,0.2,AA28,cernak-2024-Q4_ykao_yk-1536-4-make-product,ykao,AA28,N4,3.0
cernak-2024-Q4_ykao_yk-1536-4-make-product_1_AA29_3_N5,cernak-2024-Q4_ykao_yk-1536-4-make-product_1_AA29_3_N5,2min melodie,2m melodie,"6:N,5",ID_AA29,0.2,AA29,cernak-2024-Q4_ykao_yk-1536-4-make-product,ykao,AA29,N5,3.0
cernak-2024-Q4_ykao_yk-1536-4-make-product_1_AA30_3_N6,cernak-2024-Q4_ykao_yk-1536-4-make-product_1_AA30_3_N6,2min melodie,2m melodie,"6:N,6",ID_AA30,0.2,AA30,cernak-2024-Q4_ykao_yk-1536-4-make-product,ykao,AA30,N6,3.0
cernak-2024-Q4_ykao_yk-1536-4-make-product_1_AA31_3_N7,cernak-2024-Q4_ykao_yk-1536-4-make-product_1_AA31_3_N7,2min melodie,2m melodie,"6:N,7",ID_AA31,0.2,AA31,cernak-2024-Q4_ykao_yk-1536-4-make-product,ykao,AA31,N7,3.0
cernak-2024-Q4_ykao_yk-1536-4-make-product_1_AA32_3_N8,cernak-2024-Q4_ykao_yk-1536-4-make-product_1_AA32_3_N8,2min melodie,2m melodie,"6:N,8",ID_AA32,0.2,AA32,cernak-2024-Q4_ykao_yk-1536-4-make-product,ykao,AA32,N8,3.0
cernak-2024-Q4_ykao_yk-1536-4-make-product_1_AA33_3_N9,cernak-2024-Q4_ykao_yk-1536-4-make-product_1_AA33_3_N9,2min melodie,2m melodie,"6:N,9",ID_AA33,0.2,AA33,cernak-2024-Q4_ykao_yk-1536-4-make-product,ykao,AA33,N9,3.0
cernak-2024-Q4_ykao_yk-1536-4-make-product_1_AA34_3_N10,cernak-2024-Q4_ykao_yk-1536-4-make-product_1_AA34_3_N10,2min melodie,2m melodie,"6:N,10",ID_AA34,0.2,AA34,cernak-2024-Q4_ykao_yk-1536-4-make-product,ykao,AA34,N10,3.0
cernak-2024-Q4_ykao_yk-1536-4-make-product_1_AA35_3_N11,cernak-2024-Q4_ykao_yk-1536-4-make-product_1_AA35_3_N11,2min melodie,2m melodie,"6:N,11",ID_AA35,0.2,AA35,cernak-2024-Q4_ykao_yk-1536-4-make-product,ykao,AA35,N11,3.0
cernak-2024-Q4_ykao_yk-1536-4-make-product_1_AA36_3_N12,cernak-2024-Q4_ykao_yk-1536-4-make-product_1_AA36_3_N12,2min melodie,2m melodie,"6:N,12",ID_AA36,0.2,AA36,cernak-2024-Q4_ykao_yk-1536-4-make-product,ykao,AA36,N12,3.0
cernak-2024-Q4_ykao_yk-1536-4-make-product_1_AA37_3_N13,cernak-2024-Q4_ykao_yk-1536-4-make-product_1_AA37_3_N13,2min melodie,2m melodie,"6:N,13",ID_AA37,0.2,AA37,cernak-2024-Q4_ykao_yk-1536-4-make-product,ykao,AA37,N13,3.0
cernak-2024-Q4_ykao_yk-1536-4-make-product_1_AA38_3_N14,cernak-2024-Q4_ykao_yk-1536-4-make-product_1_AA38_3_N14,2min melodie,2m melodie,"6:N,14",ID_AA38,0.2,AA38,cernak-2024-Q4_ykao_yk-1536-4-make-product,ykao,AA38,N14,3.0
cernak-2024-Q4_ykao_yk-1536-4-make-product_1_AA39_3_N15,cernak-2024-Q4_ykao_yk-1536-4-make-product_1_AA39_3_N15,2min melodie,2m melodie,"6:N,15",ID_AA39,0.2,AA39,cernak-2024-Q4_ykao_yk-1536-4-make-product,ykao,AA39,N15,3.0
cernak-2024-Q4_ykao_yk-1536-4-make-product_1_AA40_3_N16,cernak-2024-Q4_ykao_yk-1536-4-make-product_1_AA40_3_N16,2min melodie,2m melodie,"6:N,16",ID_AA40,0.2,AA40,cernak-2024-Q4_ykao_yk-1536-4-make-product,ykao,AA40,N16,3.0
cernak-2024-Q4_ykao_yk-1536-4-make-product_1_AA41_3_N17,cernak-2024-Q4_ykao_yk-1536-4-make-product_1_AA41_3_N17,2min melodie,2m melodie,"6:N,17",ID_AA41,0.2,AA41,cernak-2024-Q4_ykao_yk-1536-4-make-product,ykao,AA41,N17,3.0
cernak-2024-Q4_ykao_yk-1536-4-make-product_1_AA42_3_N18,cernak-2024-Q4_ykao_yk-1536-4-make-product_1_AA42_3_N18,2min melodie,2m melodie,"6:N,18",ID_AA42,0.2,AA42,cernak-2024-Q4_ykao_yk-1536-4-make-product,ykao,AA42,N18,3.0
cernak-2024-Q4_ykao_yk-1536-4-make-product_1_AA43_3_N19,cernak-2024-Q4_ykao_yk-1536-4-make-product_1_AA43_3_N19,2min melodie,2m melodie,"6:N,19",ID_AA43,0.2,AA43,cernak-2024-Q4_ykao_yk-1536-4-make-product,ykao,AA43,N19,3.0
cernak-2024-Q4_ykao_yk-1536-4-make-product_1_AA44_3_N20,cernak-2024-Q4_ykao_yk-1536-4-make-product_1_AA44_3_N20,2min melodie,2m melodie,"6:N,20",ID_AA44,0.2,AA44,cernak-2024-Q4_ykao_yk-1536-4-make-product,ykao,AA44,N20,3.0
cernak-2024-Q4_ykao_yk-1536-4-make-product_1_AA45_3_N21,cernak-2024-Q4_ykao_yk-1536-4-make-product_1_AA45_3_N21,2min melodie,2m melodie,"6:N,21",ID_AA45,0.2,AA45,cernak-2024-Q4_ykao_yk-1536-4-make-product,ykao,AA45,N21,3.0
cernak-2024-Q4_ykao_yk-1536-4-make-product_1_AA46_3_N22,cernak-2024-Q4_ykao_yk-1536-4-make-product_1_AA46_3_N22,2min melodie,2m melodie,"6:N,22",ID_AA46,0.2,AA46,cernak-2024-Q4_ykao_yk-1536-4-make-product,ykao,AA46,N22,3.0
cernak-2024-Q4_ykao_yk-1536-4-make-product_1_AA47_3_N23,cernak-2024-Q4_ykao_yk-1536-4-make-product_1_AA47_3_N23,2min melodie,2m melodie,"6:N,23",ID_AA47,0.2,AA47,cernak-2024-Q4_ykao_yk-1536-4-make-product,ykao,AA47,N23,3.0
cernak-2024-Q4_ykao_yk-1536-4-make-product_1_AA48_3_N24,cernak-2024-Q4_ykao_yk-1536-4-make-product_1_AA48_3_N24,2min melodie,2m melodie,"6:N,24",ID_AA48,0.2,AA48,cernak-2024-Q4_ykao_yk-1536-4-make-product,ykao,AA48,N24,3.0
cernak-2024-Q4_ykao_yk-1536-4-make-product_1_AC25_3_O1,cernak-2024-Q4_ykao_yk-1536-4-make-product_1_AC25_3_O1,2min melodie,2m melodie,"6:O,1",ID_AC25,0.2,AC25,cernak-2024-Q4_ykao_yk-1536-4-make-product,ykao,AC25,O1,3.0
cernak-2024-Q4_ykao_yk-1536-4-make-product_1_AC26_3_O2,cernak-2024-Q4_ykao_yk-1536-4-make-product_1_AC26_3_O2,2min melodie,2m melodie,"6:O,2",ID_AC26,0.2,AC26,cernak-2024-Q4_ykao_yk-1536-4-make-product,ykao,AC26,O2,3.0
cernak-2024-Q4_ykao_yk-1536-4-make-product_1_AC27_3_O3,cernak-2024-Q4_ykao_yk-1536-4-make-product_1_AC27_3_O3,2min melodie,2m melodie,"6:O,3",ID_AC27,0.2,AC27,cernak-2024-Q4_ykao_yk-1536-4-make-product,ykao,AC27,O3,3.0
cernak-2024-Q4_ykao_yk-1536-4-make-product_1_AC28_3_O4,cernak-2024-Q4_ykao_yk-1536-4-make-product_1_AC28_3_O4,2min melodie,2m melodie,"6:O,4",ID_AC28,0.2,AC28,cernak-2024-Q4_ykao_yk-1536-4-make-product,ykao,AC28,O4,3.0
cernak-2024-Q4_ykao_yk-1536-4-make-product_1_AC29_3_O5,cernak-2024-Q4_ykao_yk-1536-4-make-product_1_AC29_3_O5,2min melodie,2m melodie,"6:O,5",ID_AC29,0.2,AC29,cernak-2024-Q4_ykao_yk-1536-4-make-product,ykao,AC29,O5,3.0
cernak-2024-Q4_ykao_yk-1536-4-make-product_1_AC30_3_O6,cernak-2024-Q4_ykao_yk-1536-4-make-product_1_AC30_3_O6,2min melodie,2m melodie,"6:O,6",ID_AC30,0.2,AC30,cernak-2024-Q4_ykao_yk-1536-4-make-product,ykao,AC30,O6,3.0
cernak-2024-Q4_ykao_yk-1536-4-make-product_1_AC31_3_O7,cernak-2024-Q4_ykao_yk-1536-4-make-product_1_AC31_3_O7,2min melodie,2m melodie,"6:O,7",ID_AC31,0.2,AC31,cernak-2024-Q4_ykao_yk-1536-4-make-product,ykao,AC31,O7,3.0
cernak-2024-Q4_ykao_yk-1536-4-make-product_1_AC32_3_O8,cernak-2024-Q4_ykao_yk-1536-4-make-product_1_AC32_3_O8,2min melodie,2m melodie,"6:O,8",ID_AC32,0.2,AC32,cernak-2024-Q4_ykao_yk-1536-4-make-product,ykao,AC32,O8,3.0
cernak-2024-Q4_ykao_yk-1536-4-make-product_1_AC33_3_O9,cernak-2024-Q4_ykao_yk-1536-4-make-product_1_AC33_3_O9,2min melodie,2m melodie,"6:O,9",ID_AC33,0.2,AC33,cernak-2024-Q4_ykao_yk-1536-4-make-product,ykao,AC33,O9,3.0
cernak-2024-Q4_ykao_yk-1536-4-make-product_1_AC34_3_O10,cernak-2024-Q4_ykao_yk-1536-4-make-product_1_AC34_3_O10,2min melodie,2m melodie,"6:O,10",ID_AC34,0.2,AC34,cernak-2024-Q4_ykao_yk-1536-4-make-product,ykao,AC34,O10,3.0
cernak-2024-Q4_ykao_yk-1536-4-make-product_1_AC35_3_O11,cernak-2024-Q4_ykao_yk-1536-4-make-product_1_AC35_3_O11,2min melodie,2m melodie,"6:O,11",ID_AC35,0.2,AC35,cernak-2024-Q4_ykao_yk-1536-4-make-product,ykao,AC35,O11,3.0
cernak-2024-Q4_ykao_yk-1536-4-make-product_1_AC36_3_O12,cernak-2024-Q4_ykao_yk-1536-4-make-product_1_AC36_3_O12,2min melodie,2m melodie,"6:O,12",ID_AC36,0.2,AC36,cernak-2024-Q4_ykao_yk-1536-4-make-product,ykao,AC36,O12,3.0
cernak-2024-Q4_ykao_yk-1536-4-make-product_1_AC37_3_O13,cernak-2024-Q4_ykao_yk-1536-4-make-product_1_AC37_3_O13,2min melodie,2m melodie,"6:O,13",ID_AC37,0.2,AC37,cernak-2024-Q4_ykao_yk-1536-4-make-product,ykao,AC37,O13,3.0
cernak-2024-Q4_ykao_yk-1536-4-make-product_1_AC38_3_O14,cernak-2024-Q4_ykao_yk-1536-4-make-product_1_AC38_3_O14,2min melodie,2m melodie,"6:O,14",ID_AC38,0.2,AC38,cernak-2024-Q4_ykao_yk-1536-4-make-product,ykao,AC38,O14,3.0
cernak-2024-Q4_ykao_yk-1536-4-make-product_1_AC39_3_O15,cernak-2024-Q4_ykao_yk-1536-4-make-product_1_AC39_3_O15,2min melodie,2m melodie,"6:O,15",ID_AC39,0.2,AC39,cernak-2024-Q4_ykao_yk-1536-4-make-product,ykao,AC39,O15,3.0
cernak-2024-Q4_ykao_yk-1536-4-make-product_1_AC40_3_O16,cernak-2024-Q4_ykao_yk-1536-4-make-product_1_AC40_3_O16,2min melodie,2m melodie,"6:O,16",ID_AC40,0.2,AC40,cernak-2024-Q4_ykao_yk-1536-4-make-product,ykao,AC40,O16,3.0
cernak-2024-Q4_ykao_yk-1536-4-make-product_1_AC41_3_O17,cernak-2024-Q4_ykao_yk-1536-4-make-product_1_AC41_3_O17,2min melodie,2m melodie,"6:O,17",ID_AC41,0.2,AC41,cernak-2024-Q4_ykao_yk-1536-4-make-product,ykao,AC41,O17,3.0
cernak-2024-Q4_ykao_yk-1536-4-make-product_1_AC42_3_O18,cernak-2024-Q4_ykao_yk-1536-4-make-product_1_AC42_3_O18,2min melodie,2m melodie,"6:O,18",ID_AC42,0.2,AC42,cernak-2024-Q4_ykao_yk-1536-4-make-product,ykao,AC42,O18,3.0
cernak-2024-Q4_ykao_yk-1536-4-make-product_1_AC43_3_O19,cernak-2024-Q4_ykao_yk-1536-4-make-product_1_AC43_3_O19,2min melodie,2m melodie,"6:O,19",ID_AC43,0.2,AC43,cernak-2024-Q4_ykao_yk-1536-4-make-product,ykao,AC43,O19,3.0
cernak-2024-Q4_ykao_yk-1536-4-make-product_1_AC44_3_O20,cernak-2024-Q4_ykao_yk-1536-4-make-product_1_AC44_3_O20,2min melodie,2m melodie,"6:O,20",ID_AC44,0.2,AC44,cernak-2024-Q4_ykao_yk-1536-4-make-product,ykao,AC44,O20,3.0
cernak-2024-Q4_ykao_yk-1536-4-make-product_1_AC45_3_O21,cernak-2024-Q4_ykao_yk-1536-4-make-product_1_AC45_3_O21,2min melodie,2m melodie,"6:O,21",ID_AC45,0.2,AC45,cernak-2024-Q4_ykao_yk-1536-4-make-product,ykao,AC45,O21,3.0
cernak-2024-Q4_ykao_yk-1536-4-make-product_1_AC46_3_O22,cernak-2024-Q4_ykao_yk-1536-4-make-product_1_AC46_3_O22,2min melodie,2m melodie,"6:O,22",ID_AC46,0.2,AC46,cernak-2024-Q4_ykao_yk-1536-4-make-product,ykao,AC46,O22,3.0
cernak-2024-Q4_ykao_yk-1536-4-make-product_1_AC47_3_O23,cernak-2024-Q4_ykao_yk-1536-4-make-product_1_AC47_3_O23,2min melodie,2m melodie,"6:O,23",ID_AC47,0.2,AC47,cernak-2024-Q4_ykao_yk-1536-4-make-product,ykao,AC47,O23,3.0
cernak-2024-Q4_ykao_yk-1536-4-make-product_1_AC48_3_O24,cernak-2024-Q4_ykao_yk-1536-4-make-product_1_AC48_3_O24,2min melodie,2m melodie,"6:O,24",ID_AC48,0.2,AC48,cernak-2024-Q4_ykao_yk-1536-4-make-product,ykao,AC48,O24,3.0
cernak-2024-Q4_ykao_yk-1536-4-make-product_1_AE25_3_P1,cernak-2024-Q4_ykao_yk-1536-4-make-product_1_AE25_3_P1,2min melodie,2m melodie,"6:P,1",ID_AE25,0.2,AE25,cernak-2024-Q4_ykao_yk-1536-4-make-product,ykao,AE25,P1,3.0
cernak-2024-Q4_ykao_yk-1536-4-make-product_1_AE26_3_P2,cernak-2024-Q4_ykao_yk-1536-4-make-product_1_AE26_3_P2,2min melodie,2m melodie,"6:P,2",ID_AE26,0.2,AE26,cernak-2024-Q4_ykao_yk-1536-4-make-product,ykao,AE26,P2,3.0
cernak-2024-Q4_ykao_yk-1536-4-make-product_1_AE27_3_P3,cernak-2024-Q4_ykao_yk-1536-4-make-product_1_AE27_3_P3,2min melodie,2m melodie,"6:P,3",ID_AE27,0.2,AE27,cernak-2024-Q4_ykao_yk-1536-4-make-product,ykao,AE27,P3,3.0
cernak-2024-Q4_ykao_yk-1536-4-make-product_1_AE28_3_P4,cernak-2024-Q4_ykao_yk-1536-4-make-product_1_AE28_3_P4,2min melodie,2m melodie,"6:P,4",ID_AE28,0.2,AE28,cernak-2024-Q4_ykao_yk-1536-4-make-product,ykao,AE28,P4,3.0
cernak-2024-Q4_ykao_yk-1536-4-make-product_1_AE29_3_P5,cernak-2024-Q4_ykao_yk-1536-4-make-product_1_AE29_3_P5,2min melodie,2m melodie,"6:P,5",ID_AE29,0.2,AE29,cernak-2024-Q4_ykao_yk-1536-4-make-product,ykao,AE29,P5,3.0
cernak-2024-Q4_ykao_yk-1536-4-make-product_1_AE30_3_P6,cernak-2024-Q4_ykao_yk-1536-4-make-product_1_AE30_3_P6,2min melodie,2m melodie,"6:P,6",ID_AE30,0.2,AE30,cernak-2024-Q4_ykao_yk-1536-4-make-product,ykao,AE30,P6,3.0
cernak-2024-Q4_ykao_yk-1536-4-make-product_1_AE31_3_P7,cernak-2024-Q4_ykao_yk-1536-4-make-product_1_AE31_3_P7,2min melodie,2m melodie,"6:P,7",ID_AE31,0.2,AE31,cernak-2024-Q4_ykao_yk-1536-4-make-product,ykao,AE31,P7,3.0
cernak-2024-Q4_ykao_yk-1536-4-make-product_1_AE32_3_P8,cernak-2024-Q4_ykao_yk-1536-4-make-product_1_AE32_3_P8,2min melodie,2m melodie,"6:P,8",ID_AE32,0.2,AE32,cernak-2024-Q4_ykao_yk-1536-4-make-product,ykao,AE32,P8,3.0
cernak-2024-Q4_ykao_yk-1536-4-make-product_1_AE33_3_P9,cernak-2024-Q4_ykao_yk-1536-4-make-product_1_AE33_3_P9,2min melodie,2m melodie,"6:P,9",ID_AE33,0.2,AE33,cernak-2024-Q4_ykao_yk-1536-4-make-product,ykao,AE33,P9,3.0
cernak-2024-Q4_ykao_yk-1536-4-make-product_1_AE34_3_P10,cernak-2024-Q4_ykao_yk-1536-4-make-product_1_AE34_3_P10,2min melodie,2m melodie,"6:P,10",ID_AE34,0.2,AE34,cernak-2024-Q4_ykao_yk-1536-4-make-product,ykao,AE34,P10,3.0
cernak-2024-Q4_ykao_yk-1536-4-make-product_1_AE35_3_P11,cernak-2024-Q4_ykao_yk-1536-4-make-product_1_AE35_3_P11,2min melodie,2m melodie,"6:P,11",ID_AE35,0.2,AE35,cernak-2024-Q4_ykao_yk-1536-4-make-product,ykao,AE35,P11,3.0
cernak-2024-Q4_ykao_yk-1536-4-make-product_1_AE36_3_P12,cernak-2024-Q4_ykao_yk-1536-4-make-product_1_AE36_3_P12,2min melodie,2m melodie,"6:P,12",ID_AE36,0.2,AE36,cernak-2024-Q4_ykao_yk-1536-4-make-product,ykao,AE36,P12,3.0
cernak-2024-Q4_ykao_yk-1536-4-make-product_1_AE37_3_P13,cernak-2024-Q4_ykao_yk-1536-4-make-product_1_AE37_3_P13,2min melodie,2m melodie,"6:P,13",ID_AE37,0.2,AE37,cernak-2024-Q4_ykao_yk-1536-4-make-product,ykao,AE37,P13,3.0
cernak-2024-Q4_ykao_yk-1536-4-make-product_1_AE38_3_P14,cernak-2024-Q4_ykao_yk-1536-4-make-product_1_AE38_3_P14,2min melodie,2m melodie,"6:P,14",ID_AE38,0.2,AE38,cernak-2024-Q4_ykao_yk-1536-4-make-product,ykao,AE38,P14,3.0
cernak-2024-Q4_ykao_yk-1536-4-make-product_1_AE39_3_P15,cernak-2024-Q4_ykao_yk-1536-4-make-product_1_AE39_3_P15,2min melodie,2m melodie,"6:P,15",ID_AE39,0.2,AE39,cernak-2024-Q4_ykao_yk-1536-4-make-product,ykao,AE39,P15,3.0
cernak-2024-Q4_ykao_yk-1536-4-make-product_1_AE40_3_P16,cernak-2024-Q4_ykao_yk-1536-4-make-product_1_AE40_3_P16,2min melodie,2m melodie,"6:P,16",ID_AE40,0.2,AE40,cernak-2024-Q4_ykao_yk-1536-4-make-product,ykao,AE40,P16,3.0
cernak-2024-Q4_ykao_yk-1536-4-make-product_1_AE41_3_P17,cernak-2024-Q4_ykao_yk-1536-4-make-product_1_AE41_3_P17,2min melodie,2m melodie,"6:P,17",ID_AE41,0.2,AE41,cernak-2024-Q4_ykao_yk-1536-4-make-product,ykao,AE41,P17,3.0
cernak-2024-Q4_ykao_yk-1536-4-make-product_1_AE42_3_P18,cernak-2024-Q4_ykao_yk-1536-4-make-product_1_AE42_3_P18,2min melodie,2m melodie,"6:P,18",ID_AE42,0.2,AE42,cernak-2024-Q4_ykao_yk-1536-4-make-product,ykao,AE42,P18,3.0
cernak-2024-Q4_ykao_yk-1536-4-make-product_1_AE43_3_P19,cernak-2024-Q4_ykao_yk-1536-4-make-product_1_AE43_3_P19,2min melodie,2m melodie,"6:P,19",ID_AE43,0.2,AE43,cernak-2024-Q4_ykao_yk-1536-4-make-product,ykao,AE43,P19,3.0
cernak-2024-Q4_ykao_yk-1536-4-make-product_1_AE44_3_P20,cernak-2024-Q4_ykao_yk-1536-4-make-product_1_AE44_3_P20,2min melodie,2m melodie,"6:P,20",ID_AE44,0.2,AE44,cernak-2024-Q4_ykao_yk-1536-4-make-product,ykao,AE44,P20,3.0
cernak-2024-Q4_ykao_yk-1536-4-make-product_1_AE45_3_P21,cernak-2024-Q4_ykao_yk-1536-4-make-product_1_AE45_3_P21,2min melodie,2m melodie,"6:P,21",ID_AE45,0.2,AE45,cernak-2024-Q4_ykao_yk-1536-4-make-product,ykao,AE45,P21,3.0
cernak-2024-Q4_ykao_yk-1536-4-make-product_1_AE46_3_P22,cernak-2024-Q4_ykao_yk-1536-4-make-product_1_AE46_3_P22,2min melodie,2m melodie,"6:P,22",ID_AE46,0.2,AE46,cernak-2024-Q4_ykao_yk-1536-4-make-product,ykao,AE46,P22,3.0
cernak-2024-Q4_ykao_yk-1536-4-make-product_1_AE47_3_P23,cernak-2024-Q4_ykao_yk-1536-4-make-product_1_AE47_3_P23,2min melodie,2m melodie,"6:P,23",ID_AE47,0.2,AE47,cernak-2024-Q4_ykao_yk-1536-4-make-product,ykao,AE47,P23,3.0
cernak-2024-Q4_ykao_yk-1536-4-make-product_1_AE48_3_P24,cernak-2024-Q4_ykao_yk-1536-4-make-product_1_AE48_3_P24,2min melodie,2m melodie,"6:P,24",ID_AE48,0.2,AE48,cernak-2024-Q4_ykao_yk-1536-4-make-product,ykao,AE48,P24,3.0
